-- MySQL dump 10.13  Distrib 5.5.46, for debian-linux-gnu (x86_64)
--
-- Host: localhost    Database: db_almzm_server
-- ------------------------------------------------------
-- Server version	5.5.46-0+deb8u1

/*!40101 SET @OLD_CHARACTER_SET_CLIENT=@@CHARACTER_SET_CLIENT */;
/*!40101 SET @OLD_CHARACTER_SET_RESULTS=@@CHARACTER_SET_RESULTS */;
/*!40101 SET @OLD_COLLATION_CONNECTION=@@COLLATION_CONNECTION */;
/*!40101 SET NAMES utf8 */;
/*!40103 SET @OLD_TIME_ZONE=@@TIME_ZONE */;
/*!40103 SET TIME_ZONE='+00:00' */;
/*!40014 SET @OLD_UNIQUE_CHECKS=@@UNIQUE_CHECKS, UNIQUE_CHECKS=0 */;
/*!40014 SET @OLD_FOREIGN_KEY_CHECKS=@@FOREIGN_KEY_CHECKS, FOREIGN_KEY_CHECKS=0 */;
/*!40101 SET @OLD_SQL_MODE=@@SQL_MODE, SQL_MODE='NO_AUTO_VALUE_ON_ZERO' */;
/*!40111 SET @OLD_SQL_NOTES=@@SQL_NOTES, SQL_NOTES=0 */;

--
-- Table structure for table `achievements`
--

DROP TABLE IF EXISTS `achievements`;
/*!40101 SET @saved_cs_client     = @@character_set_client */;
/*!40101 SET character_set_client = utf8 */;
CREATE TABLE `achievements` (
  `id` int(10) unsigned NOT NULL AUTO_INCREMENT,
  `student_id` int(10) unsigned NOT NULL,
  `achievement` varchar(255) COLLATE utf8_unicode_ci NOT NULL,
  `info` text COLLATE utf8_unicode_ci NOT NULL,
  `date` date NOT NULL,
  `created_at` timestamp NOT NULL DEFAULT '0000-00-00 00:00:00',
  `updated_at` timestamp NOT NULL DEFAULT '0000-00-00 00:00:00',
  PRIMARY KEY (`id`)
) ENGINE=MyISAM AUTO_INCREMENT=2 DEFAULT CHARSET=utf8 COLLATE=utf8_unicode_ci;
/*!40101 SET character_set_client = @saved_cs_client */;

--
-- Dumping data for table `achievements`
--

LOCK TABLES `achievements` WRITE;
/*!40000 ALTER TABLE `achievements` DISABLE KEYS */;
INSERT INTO `achievements` VALUES (1,4,'mtq','juara1 kabupaten','2015-10-14','2015-10-14 18:17:56','2015-10-14 18:17:56');
/*!40000 ALTER TABLE `achievements` ENABLE KEYS */;
UNLOCK TABLES;

--
-- Table structure for table `asrama`
--

DROP TABLE IF EXISTS `asrama`;
/*!40101 SET @saved_cs_client     = @@character_set_client */;
/*!40101 SET character_set_client = utf8 */;
CREATE TABLE `asrama` (
  `id` int(10) unsigned NOT NULL AUTO_INCREMENT,
  `teacher_id` int(10) unsigned NOT NULL,
  `asrama` varchar(255) COLLATE utf8_unicode_ci NOT NULL,
  `slug` varchar(255) COLLATE utf8_unicode_ci NOT NULL,
  `created_at` timestamp NOT NULL DEFAULT '0000-00-00 00:00:00',
  `updated_at` timestamp NOT NULL DEFAULT '0000-00-00 00:00:00',
  PRIMARY KEY (`id`)
) ENGINE=MyISAM DEFAULT CHARSET=utf8 COLLATE=utf8_unicode_ci;
/*!40101 SET character_set_client = @saved_cs_client */;

--
-- Dumping data for table `asrama`
--

LOCK TABLES `asrama` WRITE;
/*!40000 ALTER TABLE `asrama` DISABLE KEYS */;
/*!40000 ALTER TABLE `asrama` ENABLE KEYS */;
UNLOCK TABLES;

--
-- Table structure for table `attendances`
--

DROP TABLE IF EXISTS `attendances`;
/*!40101 SET @saved_cs_client     = @@character_set_client */;
/*!40101 SET character_set_client = utf8 */;
CREATE TABLE `attendances` (
  `id` int(10) unsigned NOT NULL AUTO_INCREMENT,
  `student_id` int(10) unsigned NOT NULL,
  `date` date NOT NULL,
  `status` enum('hadir','sakit','alpa','izin','lain-lain') COLLATE utf8_unicode_ci NOT NULL,
  `created_at` timestamp NOT NULL DEFAULT '0000-00-00 00:00:00',
  `updated_at` timestamp NOT NULL DEFAULT '0000-00-00 00:00:00',
  PRIMARY KEY (`id`)
) ENGINE=MyISAM AUTO_INCREMENT=55 DEFAULT CHARSET=utf8 COLLATE=utf8_unicode_ci;
/*!40101 SET character_set_client = @saved_cs_client */;

--
-- Dumping data for table `attendances`
--

LOCK TABLES `attendances` WRITE;
/*!40000 ALTER TABLE `attendances` DISABLE KEYS */;
INSERT INTO `attendances` VALUES (1,1,'2015-10-15','hadir','2015-10-14 17:51:34','2015-10-14 17:51:34'),(2,2,'2015-10-15','hadir','2015-10-14 17:51:34','2015-10-14 17:51:34'),(3,3,'2015-10-15','hadir','2015-10-14 17:51:34','2015-10-14 17:51:34'),(4,4,'2015-10-15','hadir','2015-10-14 17:51:34','2015-10-14 17:51:34'),(5,5,'2015-10-15','hadir','2015-10-14 17:51:34','2015-10-14 17:51:34'),(6,6,'2015-10-15','hadir','2015-10-14 17:51:34','2015-10-14 17:51:34'),(7,7,'2015-10-15','hadir','2015-10-14 17:51:34','2015-10-14 17:51:34'),(8,8,'2015-10-15','hadir','2015-10-14 17:51:34','2015-10-14 17:51:34'),(9,9,'2015-10-15','hadir','2015-10-14 17:51:34','2015-10-14 17:51:34'),(10,10,'2015-10-15','hadir','2015-10-14 17:51:34','2015-10-14 17:51:34'),(11,11,'2015-10-15','sakit','2015-10-14 17:51:34','2015-10-14 17:51:34'),(12,12,'2015-10-15','hadir','2015-10-14 17:51:34','2015-10-14 17:51:34'),(13,13,'2015-10-15','sakit','2015-10-14 17:51:34','2015-10-14 17:51:34'),(14,14,'2015-10-15','hadir','2015-10-14 17:51:34','2015-10-14 17:51:34'),(15,15,'2015-10-15','hadir','2015-10-14 17:51:34','2015-10-14 17:51:34'),(16,16,'2015-10-15','hadir','2015-10-14 17:51:34','2015-10-14 17:51:34'),(17,17,'2015-10-15','hadir','2015-10-14 17:51:34','2015-10-14 17:51:34'),(18,18,'2015-10-15','izin','2015-10-14 17:51:34','2015-10-14 17:51:34'),(19,19,'2015-10-15','izin','2015-10-14 17:51:34','2015-10-14 17:51:34'),(20,20,'2015-10-15','hadir','2015-10-14 17:51:34','2015-10-14 17:51:34'),(21,21,'2015-10-15','hadir','2015-10-14 17:51:34','2015-10-14 17:51:34'),(22,22,'2015-10-15','alpa','2015-10-14 17:51:34','2015-10-14 17:51:34'),(23,23,'2015-10-15','hadir','2015-10-14 17:51:34','2015-10-14 17:51:34'),(24,24,'2015-10-15','hadir','2015-10-14 17:51:34','2015-10-14 17:51:34'),(25,25,'2015-10-15','alpa','2015-10-14 17:51:34','2015-10-14 17:51:34'),(26,26,'2015-10-15','hadir','2015-10-14 17:51:34','2015-10-14 17:51:34'),(27,1,'2015-10-14','hadir','2015-10-14 18:19:03','2015-10-14 18:19:03'),(28,2,'2015-10-14','sakit','2015-10-14 18:19:03','2015-10-14 18:19:03'),(29,3,'2015-10-14','hadir','2015-10-14 18:19:03','2015-10-14 18:19:03'),(30,4,'2015-10-14','sakit','2015-10-14 18:19:03','2015-10-14 18:19:03'),(31,5,'2015-10-14','hadir','2015-10-14 18:19:03','2015-10-14 18:19:03'),(32,6,'2015-10-14','hadir','2015-10-14 18:19:03','2015-10-14 18:19:03'),(33,7,'2015-10-14','hadir','2015-10-14 18:19:03','2015-10-14 18:19:03'),(34,8,'2015-10-14','hadir','2015-10-14 18:19:03','2015-10-14 18:19:03'),(35,9,'2015-10-14','hadir','2015-10-14 18:19:03','2015-10-14 18:19:03'),(36,10,'2015-10-14','hadir','2015-10-14 18:19:03','2015-10-14 18:19:03'),(37,11,'2015-10-14','hadir','2015-10-14 18:19:03','2015-10-14 18:19:03'),(38,12,'2015-10-14','hadir','2015-10-14 18:19:03','2015-10-14 18:19:03'),(39,13,'2015-10-14','hadir','2015-10-14 18:19:03','2015-10-14 18:19:03'),(40,14,'2015-10-14','hadir','2015-10-14 18:19:03','2015-10-14 18:19:03'),(41,15,'2015-10-14','hadir','2015-10-14 18:19:03','2015-10-14 18:19:03'),(42,16,'2015-10-14','hadir','2015-10-14 18:19:03','2015-10-14 18:19:03'),(43,17,'2015-10-14','hadir','2015-10-14 18:19:03','2015-10-14 18:19:03'),(44,18,'2015-10-14','hadir','2015-10-14 18:19:03','2015-10-14 18:19:03'),(45,19,'2015-10-14','hadir','2015-10-14 18:19:03','2015-10-14 18:19:03'),(46,20,'2015-10-14','hadir','2015-10-14 18:19:03','2015-10-14 18:19:03'),(47,21,'2015-10-14','hadir','2015-10-14 18:19:03','2015-10-14 18:19:03'),(48,22,'2015-10-14','hadir','2015-10-14 18:19:03','2015-10-14 18:19:03'),(49,23,'2015-10-14','hadir','2015-10-14 18:19:03','2015-10-14 18:19:03'),(50,24,'2015-10-14','hadir','2015-10-14 18:19:03','2015-10-14 18:19:03'),(51,25,'2015-10-14','alpa','2015-10-14 18:19:03','2015-10-14 18:19:03'),(52,26,'2015-10-14','hadir','2015-10-14 18:19:03','2015-10-14 18:19:03'),(53,4,'2015-10-16','hadir','2015-10-16 10:11:35','2015-10-16 10:11:35'),(54,26,'2015-10-16','sakit','2015-10-16 10:11:35','2015-10-16 10:11:35');
/*!40000 ALTER TABLE `attendances` ENABLE KEYS */;
UNLOCK TABLES;

--
-- Table structure for table `classroom_student`
--

DROP TABLE IF EXISTS `classroom_student`;
/*!40101 SET @saved_cs_client     = @@character_set_client */;
/*!40101 SET character_set_client = utf8 */;
CREATE TABLE `classroom_student` (
  `id` int(10) unsigned NOT NULL AUTO_INCREMENT,
  `student_id` int(10) unsigned NOT NULL,
  `classroom_id` int(10) unsigned NOT NULL,
  `year` varchar(255) COLLATE utf8_unicode_ci NOT NULL,
  `created_at` timestamp NOT NULL DEFAULT '0000-00-00 00:00:00',
  `updated_at` timestamp NOT NULL DEFAULT '0000-00-00 00:00:00',
  PRIMARY KEY (`id`)
) ENGINE=MyISAM AUTO_INCREMENT=99 DEFAULT CHARSET=utf8 COLLATE=utf8_unicode_ci;
/*!40101 SET character_set_client = @saved_cs_client */;

--
-- Dumping data for table `classroom_student`
--

LOCK TABLES `classroom_student` WRITE;
/*!40000 ALTER TABLE `classroom_student` DISABLE KEYS */;
INSERT INTO `classroom_student` VALUES (1,1,1,'2015/2016','0000-00-00 00:00:00','0000-00-00 00:00:00'),(2,2,1,'2015/2016','0000-00-00 00:00:00','0000-00-00 00:00:00'),(3,3,1,'2015/2016','0000-00-00 00:00:00','0000-00-00 00:00:00'),(4,4,1,'2015/2016','0000-00-00 00:00:00','0000-00-00 00:00:00'),(5,5,1,'2015/2016','0000-00-00 00:00:00','0000-00-00 00:00:00'),(6,6,1,'2015/2016','0000-00-00 00:00:00','0000-00-00 00:00:00'),(7,7,1,'2015/2016','0000-00-00 00:00:00','0000-00-00 00:00:00'),(8,8,1,'2015/2016','0000-00-00 00:00:00','0000-00-00 00:00:00'),(9,9,1,'2015/2016','0000-00-00 00:00:00','0000-00-00 00:00:00'),(10,10,1,'2015/2016','0000-00-00 00:00:00','0000-00-00 00:00:00'),(11,11,1,'2015/2016','0000-00-00 00:00:00','0000-00-00 00:00:00'),(12,12,1,'2015/2016','0000-00-00 00:00:00','0000-00-00 00:00:00'),(13,13,1,'2015/2016','0000-00-00 00:00:00','0000-00-00 00:00:00'),(14,14,1,'2015/2016','0000-00-00 00:00:00','0000-00-00 00:00:00'),(15,15,1,'2015/2016','0000-00-00 00:00:00','0000-00-00 00:00:00'),(16,16,1,'2015/2016','0000-00-00 00:00:00','0000-00-00 00:00:00'),(17,17,1,'2015/2016','0000-00-00 00:00:00','0000-00-00 00:00:00'),(18,18,1,'2015/2016','0000-00-00 00:00:00','0000-00-00 00:00:00'),(19,19,1,'2015/2016','0000-00-00 00:00:00','0000-00-00 00:00:00'),(20,20,1,'2015/2016','0000-00-00 00:00:00','0000-00-00 00:00:00'),(21,21,1,'2015/2016','0000-00-00 00:00:00','0000-00-00 00:00:00'),(22,22,1,'2015/2016','0000-00-00 00:00:00','0000-00-00 00:00:00'),(23,23,1,'2015/2016','0000-00-00 00:00:00','0000-00-00 00:00:00'),(24,24,1,'2015/2016','0000-00-00 00:00:00','0000-00-00 00:00:00'),(25,25,1,'2015/2016','0000-00-00 00:00:00','0000-00-00 00:00:00'),(26,26,1,'2015/2016','0000-00-00 00:00:00','0000-00-00 00:00:00'),(27,27,2,'2015/2016','0000-00-00 00:00:00','0000-00-00 00:00:00'),(28,28,2,'2015/2016','0000-00-00 00:00:00','0000-00-00 00:00:00'),(29,29,2,'2015/2016','0000-00-00 00:00:00','0000-00-00 00:00:00'),(30,30,2,'2015/2016','0000-00-00 00:00:00','0000-00-00 00:00:00'),(31,31,2,'2015/2016','0000-00-00 00:00:00','0000-00-00 00:00:00'),(32,32,2,'2015/2016','0000-00-00 00:00:00','0000-00-00 00:00:00'),(33,33,2,'2015/2016','0000-00-00 00:00:00','0000-00-00 00:00:00'),(34,34,2,'2015/2016','0000-00-00 00:00:00','0000-00-00 00:00:00'),(35,35,2,'2015/2016','0000-00-00 00:00:00','0000-00-00 00:00:00'),(36,36,2,'2015/2016','0000-00-00 00:00:00','0000-00-00 00:00:00'),(37,37,2,'2015/2016','0000-00-00 00:00:00','0000-00-00 00:00:00'),(38,38,2,'2015/2016','0000-00-00 00:00:00','0000-00-00 00:00:00'),(39,39,2,'2015/2016','0000-00-00 00:00:00','0000-00-00 00:00:00'),(40,40,2,'2015/2016','0000-00-00 00:00:00','0000-00-00 00:00:00'),(41,41,2,'2015/2016','0000-00-00 00:00:00','0000-00-00 00:00:00'),(42,42,2,'2015/2016','0000-00-00 00:00:00','0000-00-00 00:00:00'),(43,43,2,'2015/2016','0000-00-00 00:00:00','0000-00-00 00:00:00'),(44,44,2,'2015/2016','0000-00-00 00:00:00','0000-00-00 00:00:00'),(45,45,2,'2015/2016','0000-00-00 00:00:00','0000-00-00 00:00:00'),(46,46,2,'2015/2016','0000-00-00 00:00:00','0000-00-00 00:00:00'),(47,47,2,'2015/2016','0000-00-00 00:00:00','0000-00-00 00:00:00'),(48,48,2,'2015/2016','0000-00-00 00:00:00','0000-00-00 00:00:00'),(49,49,2,'2015/2016','0000-00-00 00:00:00','0000-00-00 00:00:00'),(50,50,2,'2015/2016','0000-00-00 00:00:00','0000-00-00 00:00:00'),(51,51,2,'2015/2016','0000-00-00 00:00:00','0000-00-00 00:00:00'),(52,52,2,'2015/2016','0000-00-00 00:00:00','0000-00-00 00:00:00'),(53,53,2,'2015/2016','0000-00-00 00:00:00','0000-00-00 00:00:00'),(54,54,2,'2015/2016','0000-00-00 00:00:00','0000-00-00 00:00:00'),(55,55,2,'2015/2016','0000-00-00 00:00:00','0000-00-00 00:00:00'),(56,56,2,'2015/2016','0000-00-00 00:00:00','0000-00-00 00:00:00'),(57,57,2,'2015/2016','0000-00-00 00:00:00','0000-00-00 00:00:00'),(58,58,2,'2015/2016','0000-00-00 00:00:00','0000-00-00 00:00:00'),(59,59,2,'2015/2016','0000-00-00 00:00:00','0000-00-00 00:00:00'),(60,60,2,'2015/2016','0000-00-00 00:00:00','0000-00-00 00:00:00'),(61,61,2,'2015/2016','0000-00-00 00:00:00','0000-00-00 00:00:00'),(62,62,2,'2015/2016','0000-00-00 00:00:00','0000-00-00 00:00:00'),(63,63,2,'2015/2016','0000-00-00 00:00:00','0000-00-00 00:00:00'),(64,64,2,'2015/2016','0000-00-00 00:00:00','0000-00-00 00:00:00'),(65,65,2,'2015/2016','0000-00-00 00:00:00','0000-00-00 00:00:00'),(66,66,2,'2015/2016','0000-00-00 00:00:00','0000-00-00 00:00:00'),(67,67,2,'2015/2016','0000-00-00 00:00:00','0000-00-00 00:00:00'),(68,68,2,'2015/2016','0000-00-00 00:00:00','0000-00-00 00:00:00'),(69,69,2,'2015/2016','0000-00-00 00:00:00','0000-00-00 00:00:00'),(70,70,2,'2015/2016','0000-00-00 00:00:00','0000-00-00 00:00:00'),(71,71,3,'2015/2016','0000-00-00 00:00:00','0000-00-00 00:00:00'),(72,72,9,'2015/2016','0000-00-00 00:00:00','0000-00-00 00:00:00'),(73,73,6,'2015/2016','0000-00-00 00:00:00','2015-11-18 05:27:38'),(74,74,6,'2015/2016','0000-00-00 00:00:00','0000-00-00 00:00:00'),(75,75,0,'2015/2016','0000-00-00 00:00:00','0000-00-00 00:00:00'),(76,76,6,'2015/2016','0000-00-00 00:00:00','2015-11-23 00:28:02'),(77,77,6,'2015/2016','0000-00-00 00:00:00','0000-00-00 00:00:00'),(78,78,6,'2015/2016','0000-00-00 00:00:00','0000-00-00 00:00:00'),(79,79,6,'2015/2016','0000-00-00 00:00:00','0000-00-00 00:00:00'),(80,80,6,'2015/2016','0000-00-00 00:00:00','0000-00-00 00:00:00'),(81,81,6,'2015/2016','0000-00-00 00:00:00','0000-00-00 00:00:00'),(82,82,6,'2015/2016','0000-00-00 00:00:00','0000-00-00 00:00:00'),(83,83,6,'2015/2016','0000-00-00 00:00:00','0000-00-00 00:00:00'),(84,84,6,'2015/2016','0000-00-00 00:00:00','0000-00-00 00:00:00'),(85,85,6,'2015/2016','0000-00-00 00:00:00','0000-00-00 00:00:00'),(86,86,6,'2015/2016','0000-00-00 00:00:00','0000-00-00 00:00:00'),(87,87,6,'2015/2016','0000-00-00 00:00:00','2015-11-21 03:05:10'),(88,88,6,'2015/2016','0000-00-00 00:00:00','0000-00-00 00:00:00'),(89,89,6,'2015/2016','0000-00-00 00:00:00','0000-00-00 00:00:00'),(90,90,6,'2015/2016','0000-00-00 00:00:00','0000-00-00 00:00:00'),(91,91,6,'2015/2016','0000-00-00 00:00:00','0000-00-00 00:00:00'),(92,92,6,'2015/2016','0000-00-00 00:00:00','0000-00-00 00:00:00'),(93,93,6,'2015/2016','0000-00-00 00:00:00','0000-00-00 00:00:00'),(94,94,6,'2015/2016','0000-00-00 00:00:00','2015-11-21 04:03:07'),(95,95,6,'2015/2016','0000-00-00 00:00:00','0000-00-00 00:00:00'),(96,96,6,'2015/2016','0000-00-00 00:00:00','0000-00-00 00:00:00'),(97,97,6,'2015/2016','0000-00-00 00:00:00','0000-00-00 00:00:00'),(98,98,14,'2015/2016','0000-00-00 00:00:00','0000-00-00 00:00:00');
/*!40000 ALTER TABLE `classroom_student` ENABLE KEYS */;
UNLOCK TABLES;

--
-- Table structure for table `classrooms`
--

DROP TABLE IF EXISTS `classrooms`;
/*!40101 SET @saved_cs_client     = @@character_set_client */;
/*!40101 SET character_set_client = utf8 */;
CREATE TABLE `classrooms` (
  `id` int(10) unsigned NOT NULL AUTO_INCREMENT,
  `teacher_id` int(10) unsigned NOT NULL,
  `classroom` varchar(255) COLLATE utf8_unicode_ci NOT NULL,
  `created_at` timestamp NOT NULL DEFAULT '0000-00-00 00:00:00',
  `updated_at` timestamp NOT NULL DEFAULT '0000-00-00 00:00:00',
  PRIMARY KEY (`id`)
) ENGINE=MyISAM AUTO_INCREMENT=16 DEFAULT CHARSET=utf8 COLLATE=utf8_unicode_ci;
/*!40101 SET character_set_client = @saved_cs_client */;

--
-- Dumping data for table `classrooms`
--

LOCK TABLES `classrooms` WRITE;
/*!40000 ALTER TABLE `classrooms` DISABLE KEYS */;
INSERT INTO `classrooms` VALUES (13,31,'VII D','2015-11-18 07:48:26','2015-11-18 07:48:26'),(4,17,'VII C','2015-10-16 09:49:03','2015-10-16 09:49:03'),(3,16,'VII B','2015-10-14 17:50:36','2015-10-16 09:50:04'),(14,44,'VII E','2015-11-18 07:49:01','2015-11-18 07:49:01'),(6,42,'VII A','2015-11-04 05:17:02','2015-11-18 07:47:12'),(12,30,'VII C','2015-11-18 07:47:53','2015-11-18 07:47:53'),(11,29,'VII B','2015-11-18 07:47:32','2015-11-18 07:47:32'),(15,39,'VII F','2015-11-18 07:49:21','2015-11-18 07:49:21');
/*!40000 ALTER TABLE `classrooms` ENABLE KEYS */;
UNLOCK TABLES;

--
-- Table structure for table `configs`
--

DROP TABLE IF EXISTS `configs`;
/*!40101 SET @saved_cs_client     = @@character_set_client */;
/*!40101 SET character_set_client = utf8 */;
CREATE TABLE `configs` (
  `id` int(10) unsigned NOT NULL AUTO_INCREMENT,
  `config` varchar(255) COLLATE utf8_unicode_ci NOT NULL,
  `slug` varchar(255) COLLATE utf8_unicode_ci NOT NULL,
  `value` varchar(255) COLLATE utf8_unicode_ci NOT NULL,
  `created_at` timestamp NOT NULL DEFAULT '0000-00-00 00:00:00',
  `updated_at` timestamp NOT NULL DEFAULT '0000-00-00 00:00:00',
  PRIMARY KEY (`id`),
  UNIQUE KEY `configs_slug_unique` (`slug`)
) ENGINE=MyISAM AUTO_INCREMENT=3 DEFAULT CHARSET=utf8 COLLATE=utf8_unicode_ci;
/*!40101 SET character_set_client = @saved_cs_client */;

--
-- Dumping data for table `configs`
--

LOCK TABLES `configs` WRITE;
/*!40000 ALTER TABLE `configs` DISABLE KEYS */;
INSERT INTO `configs` VALUES (1,'Tahun Ajar','tahun-ajar','2015/2016','2015-10-09 23:12:08','2015-10-09 23:13:34'),(2,'Kepala Divisi','kepala-divisi','H. Dul Ahmad Bachtiar, Lc, M.Pd.','2015-11-19 07:43:23','2015-11-23 09:02:10');
/*!40000 ALTER TABLE `configs` ENABLE KEYS */;
UNLOCK TABLES;

--
-- Table structure for table `contracts`
--

DROP TABLE IF EXISTS `contracts`;
/*!40101 SET @saved_cs_client     = @@character_set_client */;
/*!40101 SET character_set_client = utf8 */;
CREATE TABLE `contracts` (
  `id` int(10) unsigned NOT NULL AUTO_INCREMENT,
  `teacher_id` int(10) unsigned NOT NULL,
  `subject_id` int(10) unsigned NOT NULL,
  `classroom_id` int(10) unsigned NOT NULL,
  `year` varchar(255) COLLATE utf8_unicode_ci NOT NULL,
  `semester` varchar(255) COLLATE utf8_unicode_ci NOT NULL,
  `created_at` timestamp NOT NULL DEFAULT '0000-00-00 00:00:00',
  `updated_at` timestamp NOT NULL DEFAULT '0000-00-00 00:00:00',
  PRIMARY KEY (`id`)
) ENGINE=MyISAM AUTO_INCREMENT=11 DEFAULT CHARSET=utf8 COLLATE=utf8_unicode_ci;
/*!40101 SET character_set_client = @saved_cs_client */;

--
-- Dumping data for table `contracts`
--

LOCK TABLES `contracts` WRITE;
/*!40000 ALTER TABLE `contracts` DISABLE KEYS */;
INSERT INTO `contracts` VALUES (9,18,3,9,'2015/2016','1','2015-11-04 06:11:19','2015-11-04 06:11:19'),(8,23,3,1,'2015/2016','1','2015-11-04 05:12:31','2015-11-04 05:12:31'),(7,17,1,1,'2015/2016','2','2015-10-16 09:45:19','2015-10-16 09:45:19'),(5,14,2,1,'2015/2016','2','2015-10-16 09:43:13','2015-10-16 09:44:02'),(10,29,4,6,'2015/2016','1','2015-11-18 05:21:14','2015-11-18 05:21:14');
/*!40000 ALTER TABLE `contracts` ENABLE KEYS */;
UNLOCK TABLES;

--
-- Table structure for table `divisions`
--

DROP TABLE IF EXISTS `divisions`;
/*!40101 SET @saved_cs_client     = @@character_set_client */;
/*!40101 SET character_set_client = utf8 */;
CREATE TABLE `divisions` (
  `id` int(10) unsigned NOT NULL AUTO_INCREMENT,
  `division` varchar(255) COLLATE utf8_unicode_ci NOT NULL,
  `slug` varchar(255) COLLATE utf8_unicode_ci NOT NULL,
  `created_at` timestamp NOT NULL DEFAULT '0000-00-00 00:00:00',
  `updated_at` timestamp NOT NULL DEFAULT '0000-00-00 00:00:00',
  PRIMARY KEY (`id`),
  UNIQUE KEY `divisions_slug_unique` (`slug`)
) ENGINE=MyISAM AUTO_INCREMENT=24 DEFAULT CHARSET=utf8 COLLATE=utf8_unicode_ci;
/*!40101 SET character_set_client = @saved_cs_client */;

--
-- Dumping data for table `divisions`
--

LOCK TABLES `divisions` WRITE;
/*!40000 ALTER TABLE `divisions` DISABLE KEYS */;
INSERT INTO `divisions` VALUES (7,'SMPIT AL MULTAZAM','smpit-al-multazam','2015-10-21 04:03:55','2015-10-21 04:03:55'),(5,'TKIT AL MULTAZAM','tkit','2015-10-21 04:01:30','2015-10-21 04:03:02'),(6,'SDIT AL MULTAZAM','sdit','2015-10-21 04:02:38','2015-10-21 04:03:20'),(8,'SMAIT AL MULTAZAM','smait-al-multazam','2015-10-21 04:04:14','2015-10-21 04:04:14'),(9,'PEMBINAAN PUTRA','pembinaan-putra','2015-10-21 04:04:35','2015-10-21 04:04:35'),(10,'PEMBINAAN PUTRI','pembinaan-putri','2015-10-21 04:07:32','2015-10-21 04:07:32'),(11,'BAGIAN BAHASA','bagian-bahasa','2015-10-21 04:07:58','2015-10-21 04:07:58'),(12,'BAGIAN TAHFIDZ QUR\'AN','bagian-tahfidz-quran','2015-10-21 04:08:42','2015-10-21 04:08:42'),(13,'KESEKRETARIATAN','kesekretariatan','2015-10-21 04:09:22','2015-10-21 04:09:22'),(14,'DIVISI HUMAS DAN DAKWAH','divisi-humas-dan-dakwah','2015-10-21 04:09:47','2015-10-21 04:09:47'),(15,'DIVISI HRD','divisi-hrd','2015-10-21 04:10:30','2015-10-21 04:10:30'),(16,'PENGURUS YAYASAN','pengurus-yayasan','2015-10-21 04:10:53','2015-10-21 04:10:53'),(17,'PENGAWAS YAYASAN','pengawas-yayasan','2015-10-21 04:11:31','2015-10-21 04:11:31'),(18,'PEMBINA YAYASAN','pembina','2015-10-21 04:11:51','2015-10-21 04:23:27'),(19,'BAGIAN KEUANGAN','bagian-keuangan','2015-10-21 04:55:49','2015-10-21 04:55:49'),(20,'DIVISI FULLDAY','divisi-fullday','2015-11-18 03:02:50','2015-11-18 03:02:50'),(21,'DIVISI KEPESANTRENAN','divisi-kepesantrenan','2015-11-18 03:47:26','2015-11-18 03:47:26'),(22,'DIVISI SARANA DAN PRASARANA','divisi-sarana-dan-prasarana','2015-11-19 07:09:40','2015-11-19 07:09:40');
/*!40000 ALTER TABLE `divisions` ENABLE KEYS */;
UNLOCK TABLES;

--
-- Table structure for table `ekskuls`
--

DROP TABLE IF EXISTS `ekskuls`;
/*!40101 SET @saved_cs_client     = @@character_set_client */;
/*!40101 SET character_set_client = utf8 */;
CREATE TABLE `ekskuls` (
  `id` int(10) unsigned NOT NULL AUTO_INCREMENT,
  `teacher_id` int(11) NOT NULL,
  `code` varchar(255) COLLATE utf8_unicode_ci NOT NULL,
  `ekskul` varchar(255) COLLATE utf8_unicode_ci NOT NULL,
  `created_at` timestamp NOT NULL DEFAULT '0000-00-00 00:00:00',
  `updated_at` timestamp NOT NULL DEFAULT '0000-00-00 00:00:00',
  PRIMARY KEY (`id`)
) ENGINE=MyISAM AUTO_INCREMENT=2 DEFAULT CHARSET=utf8 COLLATE=utf8_unicode_ci;
/*!40101 SET character_set_client = @saved_cs_client */;

--
-- Dumping data for table `ekskuls`
--

LOCK TABLES `ekskuls` WRITE;
/*!40000 ALTER TABLE `ekskuls` DISABLE KEYS */;
INSERT INTO `ekskuls` VALUES (1,17,'ES01','Study Club','2015-10-16 10:21:18','2015-10-16 10:21:18');
/*!40000 ALTER TABLE `ekskuls` ENABLE KEYS */;
UNLOCK TABLES;

--
-- Table structure for table `golongans`
--

DROP TABLE IF EXISTS `golongans`;
/*!40101 SET @saved_cs_client     = @@character_set_client */;
/*!40101 SET character_set_client = utf8 */;
CREATE TABLE `golongans` (
  `id` int(10) unsigned NOT NULL AUTO_INCREMENT,
  `golongan` varchar(255) COLLATE utf8_unicode_ci NOT NULL,
  `slug` varchar(255) COLLATE utf8_unicode_ci NOT NULL,
  `created_at` timestamp NOT NULL DEFAULT '0000-00-00 00:00:00',
  `updated_at` timestamp NOT NULL DEFAULT '0000-00-00 00:00:00',
  PRIMARY KEY (`id`)
) ENGINE=MyISAM AUTO_INCREMENT=7 DEFAULT CHARSET=utf8 COLLATE=utf8_unicode_ci;
/*!40101 SET character_set_client = @saved_cs_client */;

--
-- Dumping data for table `golongans`
--

LOCK TABLES `golongans` WRITE;
/*!40000 ALTER TABLE `golongans` DISABLE KEYS */;
INSERT INTO `golongans` VALUES (6,'II A','ii-a','2015-11-20 01:12:47','2015-11-23 00:14:01');
/*!40000 ALTER TABLE `golongans` ENABLE KEYS */;
UNLOCK TABLES;

--
-- Table structure for table `grades`
--

DROP TABLE IF EXISTS `grades`;
/*!40101 SET @saved_cs_client     = @@character_set_client */;
/*!40101 SET character_set_client = utf8 */;
CREATE TABLE `grades` (
  `id` int(10) unsigned NOT NULL AUTO_INCREMENT,
  `student_id` int(10) unsigned NOT NULL,
  `contract_id` int(10) unsigned NOT NULL,
  `grade` double NOT NULL,
  `created_at` timestamp NOT NULL DEFAULT '0000-00-00 00:00:00',
  `updated_at` timestamp NOT NULL DEFAULT '0000-00-00 00:00:00',
  PRIMARY KEY (`id`)
) ENGINE=MyISAM DEFAULT CHARSET=utf8 COLLATE=utf8_unicode_ci;
/*!40101 SET character_set_client = @saved_cs_client */;

--
-- Dumping data for table `grades`
--

LOCK TABLES `grades` WRITE;
/*!40000 ALTER TABLE `grades` DISABLE KEYS */;
/*!40000 ALTER TABLE `grades` ENABLE KEYS */;
UNLOCK TABLES;

--
-- Table structure for table `hostels`
--

DROP TABLE IF EXISTS `hostels`;
/*!40101 SET @saved_cs_client     = @@character_set_client */;
/*!40101 SET character_set_client = utf8 */;
CREATE TABLE `hostels` (
  `id` int(10) unsigned NOT NULL AUTO_INCREMENT,
  `teacher_id` int(10) unsigned NOT NULL,
  `code` varchar(255) COLLATE utf8_unicode_ci NOT NULL,
  `hostel` varchar(255) COLLATE utf8_unicode_ci NOT NULL,
  `created_at` timestamp NOT NULL DEFAULT '0000-00-00 00:00:00',
  `updated_at` timestamp NOT NULL DEFAULT '0000-00-00 00:00:00',
  PRIMARY KEY (`id`)
) ENGINE=MyISAM AUTO_INCREMENT=11 DEFAULT CHARSET=utf8 COLLATE=utf8_unicode_ci;
/*!40101 SET character_set_client = @saved_cs_client */;

--
-- Dumping data for table `hostels`
--

LOCK TABLES `hostels` WRITE;
/*!40000 ALTER TABLE `hostels` DISABLE KEYS */;
INSERT INTO `hostels` VALUES (5,57,'001','P01','2015-11-18 07:53:29','2015-11-18 07:53:29'),(6,55,'002','P02','2015-11-18 07:54:06','2015-11-18 07:54:06'),(4,0,'A01','Darul Hijrah','2015-11-05 03:54:19','2015-11-05 03:54:19'),(7,63,'003','P03','2015-11-18 07:54:34','2015-11-18 07:54:34'),(8,50,'004','P04','2015-11-18 07:55:03','2015-11-18 07:55:03'),(9,53,'005','P05','2015-11-18 07:55:27','2015-11-18 07:55:27'),(10,51,'006','P06','2015-11-18 07:55:47','2015-11-18 07:55:47');
/*!40000 ALTER TABLE `hostels` ENABLE KEYS */;
UNLOCK TABLES;

--
-- Table structure for table `indicators`
--

DROP TABLE IF EXISTS `indicators`;
/*!40101 SET @saved_cs_client     = @@character_set_client */;
/*!40101 SET character_set_client = utf8 */;
CREATE TABLE `indicators` (
  `id` int(10) unsigned NOT NULL AUTO_INCREMENT,
  `indicator` varchar(255) COLLATE utf8_unicode_ci NOT NULL,
  `created_at` timestamp NOT NULL DEFAULT '0000-00-00 00:00:00',
  `updated_at` timestamp NOT NULL DEFAULT '0000-00-00 00:00:00',
  PRIMARY KEY (`id`)
) ENGINE=MyISAM AUTO_INCREMENT=9 DEFAULT CHARSET=utf8 COLLATE=utf8_unicode_ci;
/*!40101 SET character_set_client = @saved_cs_client */;

--
-- Dumping data for table `indicators`
--

LOCK TABLES `indicators` WRITE;
/*!40000 ALTER TABLE `indicators` DISABLE KEYS */;
INSERT INTO `indicators` VALUES (3,'Disiplin Kerja','2015-10-14 14:04:53','2015-10-14 14:04:53'),(5,'Tanggung Jawab','2015-10-15 09:12:03','2015-10-15 09:12:03'),(6,'Kepribadian','2015-10-16 07:29:29','2015-10-16 07:29:29'),(7,'Profesionalisme','2015-10-16 07:29:42','2015-10-16 07:29:42'),(8,'Loyalitas','2015-10-16 07:29:54','2015-10-16 07:29:54');
/*!40000 ALTER TABLE `indicators` ENABLE KEYS */;
UNLOCK TABLES;

--
-- Table structure for table `language_student`
--

DROP TABLE IF EXISTS `language_student`;
/*!40101 SET @saved_cs_client     = @@character_set_client */;
/*!40101 SET character_set_client = utf8 */;
CREATE TABLE `language_student` (
  `id` int(10) unsigned NOT NULL AUTO_INCREMENT,
  `student_id` int(10) unsigned NOT NULL,
  `language_id` int(10) unsigned NOT NULL,
  `score` double NOT NULL,
  `attendance` enum('hadir','sakit','izin','alpa') COLLATE utf8_unicode_ci NOT NULL,
  `date` date NOT NULL,
  `semester` tinyint(4) NOT NULL,
  `year` varchar(255) COLLATE utf8_unicode_ci NOT NULL,
  `created_at` timestamp NOT NULL DEFAULT '0000-00-00 00:00:00',
  `updated_at` timestamp NOT NULL DEFAULT '0000-00-00 00:00:00',
  PRIMARY KEY (`id`)
) ENGINE=MyISAM AUTO_INCREMENT=7 DEFAULT CHARSET=utf8 COLLATE=utf8_unicode_ci;
/*!40101 SET character_set_client = @saved_cs_client */;

--
-- Dumping data for table `language_student`
--

LOCK TABLES `language_student` WRITE;
/*!40000 ALTER TABLE `language_student` DISABLE KEYS */;
INSERT INTO `language_student` VALUES (1,4,1,90,'hadir','2015-10-16',1,'2015/2016','2015-10-16 10:26:01','2015-10-16 10:26:01'),(2,26,1,70,'hadir','2015-10-16',1,'2015/2016','2015-10-16 10:26:01','2015-10-16 10:26:01'),(3,4,0,0,'hadir','2015-10-16',1,'2015/2016','2015-10-16 10:26:12','2015-10-16 10:26:12'),(4,26,0,0,'hadir','2015-10-16',1,'2015/2016','2015-10-16 10:26:12','2015-10-16 10:26:12'),(5,4,1,60,'hadir','2015-11-04',1,'2015/2016','2015-11-04 05:30:22','2015-11-04 05:30:22'),(6,26,1,65,'hadir','2015-11-04',1,'2015/2016','2015-11-04 05:30:22','2015-11-04 05:30:22');
/*!40000 ALTER TABLE `language_student` ENABLE KEYS */;
UNLOCK TABLES;

--
-- Table structure for table `languages`
--

DROP TABLE IF EXISTS `languages`;
/*!40101 SET @saved_cs_client     = @@character_set_client */;
/*!40101 SET character_set_client = utf8 */;
CREATE TABLE `languages` (
  `id` int(10) unsigned NOT NULL AUTO_INCREMENT,
  `teacher_id` int(10) unsigned NOT NULL,
  `code` varchar(255) COLLATE utf8_unicode_ci NOT NULL,
  `language` varchar(255) COLLATE utf8_unicode_ci NOT NULL,
  `created_at` timestamp NOT NULL DEFAULT '0000-00-00 00:00:00',
  `updated_at` timestamp NOT NULL DEFAULT '0000-00-00 00:00:00',
  PRIMARY KEY (`id`)
) ENGINE=MyISAM AUTO_INCREMENT=2 DEFAULT CHARSET=utf8 COLLATE=utf8_unicode_ci;
/*!40101 SET character_set_client = @saved_cs_client */;

--
-- Dumping data for table `languages`
--

LOCK TABLES `languages` WRITE;
/*!40000 ALTER TABLE `languages` DISABLE KEYS */;
INSERT INTO `languages` VALUES (1,14,'b01','bahasa inggris','2015-10-16 10:24:43','2015-10-16 10:24:43');
/*!40000 ALTER TABLE `languages` ENABLE KEYS */;
UNLOCK TABLES;

--
-- Table structure for table `migrations`
--

DROP TABLE IF EXISTS `migrations`;
/*!40101 SET @saved_cs_client     = @@character_set_client */;
/*!40101 SET character_set_client = utf8 */;
CREATE TABLE `migrations` (
  `migration` varchar(255) COLLATE utf8_unicode_ci NOT NULL,
  `batch` int(11) NOT NULL
) ENGINE=MyISAM DEFAULT CHARSET=utf8 COLLATE=utf8_unicode_ci;
/*!40101 SET character_set_client = @saved_cs_client */;

--
-- Dumping data for table `migrations`
--

LOCK TABLES `migrations` WRITE;
/*!40000 ALTER TABLE `migrations` DISABLE KEYS */;
INSERT INTO `migrations` VALUES ('2014_10_12_000000_create_users_table',1),('2014_10_12_100000_create_password_resets_table',1),('2014_11_02_051938_create_roles_table',1),('2014_11_02_052125_create_permissions_table',1),('2014_11_02_052410_create_role_user_table',1),('2014_11_02_092851_create_permission_role_table',1),('2015_08_28_214837_add_username_to_users',1),('2015_08_24_082203_create_table_siswa',2),('2015_08_24_093615_create_table_classrooms',2),('2015_08_24_095207_create_table_configs',2),('2015_08_24_095343_create_table_classroom_student',2),('2015_08_24_214912_create_table_asrama',2),('2015_08_27_190522_create_table_subjects',2),('2015_08_27_231741_create_table_grades',2),('2015_08_27_231802_create_table_contracts',2),('2015_08_30_100032_create_ekskuls_table',2),('2015_08_30_142841_create_hostels_table',2),('2015_08_30_190402_create_attendances_table',2),('2015_08_30_191000_create_violations_table',2),('2015_08_30_191205_create_scores_table',2),('2015_08_30_191400_create_achievements_table',2),('2015_09_01_013507_create_languages_table',2),('2015_09_01_013846_create_readings_table',2),('2015_09_01_013920_create_recitations_table',2),('2015_09_01_015417_create_language_student_table',2),('2015_09_03_131244_create_student_ekskul_table',2),('2015_09_03_144735_add_attendance_to_student_ekskul_table',2),('2015_08_24_100128_create_table_stakeholders',3),('2015_08_24_100144_create_table_divisions',3),('2015_09_01_210923_create_indicators_table',3),('2015_09_01_211001_create_performances_table',3),('2015_09_01_211345_create_reports_table',3),('2015_09_02_011337_add_semester_to_reports_table',3),('2015_09_02_012816_add_score_to_reports_table',3),('2015_09_04_093551_add_childrens_to_stakeholders_table',3),('2015_09_07_005858_add_diploma_to_stakeholders',3),('2015_09_07_221945_create_vacations_table',3),('2015_10_12_055103_create_positions_table',4),('2015_10_12_055248_create_position_stakeholder_table',4);
/*!40000 ALTER TABLE `migrations` ENABLE KEYS */;
UNLOCK TABLES;

--
-- Table structure for table `password_resets`
--

DROP TABLE IF EXISTS `password_resets`;
/*!40101 SET @saved_cs_client     = @@character_set_client */;
/*!40101 SET character_set_client = utf8 */;
CREATE TABLE `password_resets` (
  `email` varchar(255) COLLATE utf8_unicode_ci NOT NULL,
  `token` varchar(255) COLLATE utf8_unicode_ci NOT NULL,
  `created_at` timestamp NOT NULL DEFAULT '0000-00-00 00:00:00',
  KEY `password_resets_email_index` (`email`),
  KEY `password_resets_token_index` (`token`)
) ENGINE=MyISAM DEFAULT CHARSET=utf8 COLLATE=utf8_unicode_ci;
/*!40101 SET character_set_client = @saved_cs_client */;

--
-- Dumping data for table `password_resets`
--

LOCK TABLES `password_resets` WRITE;
/*!40000 ALTER TABLE `password_resets` DISABLE KEYS */;
/*!40000 ALTER TABLE `password_resets` ENABLE KEYS */;
UNLOCK TABLES;

--
-- Table structure for table `performances`
--

DROP TABLE IF EXISTS `performances`;
/*!40101 SET @saved_cs_client     = @@character_set_client */;
/*!40101 SET character_set_client = utf8 */;
CREATE TABLE `performances` (
  `id` int(10) unsigned NOT NULL AUTO_INCREMENT,
  `indicator_id` int(10) unsigned NOT NULL,
  `performance` varchar(255) COLLATE utf8_unicode_ci NOT NULL,
  `created_at` timestamp NOT NULL DEFAULT '0000-00-00 00:00:00',
  `updated_at` timestamp NOT NULL DEFAULT '0000-00-00 00:00:00',
  PRIMARY KEY (`id`)
) ENGINE=MyISAM AUTO_INCREMENT=16 DEFAULT CHARSET=utf8 COLLATE=utf8_unicode_ci;
/*!40101 SET character_set_client = @saved_cs_client */;

--
-- Dumping data for table `performances`
--

LOCK TABLES `performances` WRITE;
/*!40000 ALTER TABLE `performances` DISABLE KEYS */;
INSERT INTO `performances` VALUES (1,1,'datang tepat waktu','2015-10-13 02:35:01','2015-10-13 02:35:01'),(2,1,'sss','2015-10-13 02:37:15','2015-10-13 02:37:15'),(5,3,'Kehadiran Kerja Datang-Pulang','2015-10-15 09:15:04','2015-10-15 09:15:04'),(6,3,'Kehadiran Rapat dan Kegiatan Lain','2015-10-15 09:18:07','2015-10-15 09:18:07'),(7,5,'Kelengkapan Administrasi Kerja','2015-10-15 09:18:32','2015-10-15 09:18:32'),(8,5,'Melaksanakan Amanah Dengan Baik','2015-10-15 09:19:07','2015-10-15 09:19:07'),(15,6,'Keaktifan Mengikuti Kegiatan Halaqoh Tarbawiyah','2015-11-05 04:19:01','2015-11-05 04:19:01'),(10,6,'Hafalan Al-Qur\'an','2015-10-16 07:35:13','2015-10-16 07:35:13'),(11,7,'Efektifitas Kerja/KBM','2015-10-16 07:35:50','2015-10-16 07:35:50'),(12,7,'Prestasi Kerja','2015-10-16 07:36:06','2015-10-16 07:36:06'),(13,8,'Mengedepankan Kepentingan Lembaga','2015-10-16 07:36:39','2015-10-16 07:36:39'),(14,8,'Tidak Bekerja Ditempat Lain dan Siap Mendapatkan Amanah Lain','2015-10-16 07:37:46','2015-10-16 07:37:46');
/*!40000 ALTER TABLE `performances` ENABLE KEYS */;
UNLOCK TABLES;

--
-- Table structure for table `permission_role`
--

DROP TABLE IF EXISTS `permission_role`;
/*!40101 SET @saved_cs_client     = @@character_set_client */;
/*!40101 SET character_set_client = utf8 */;
CREATE TABLE `permission_role` (
  `id` int(10) unsigned NOT NULL AUTO_INCREMENT,
  `permission_id` int(10) unsigned NOT NULL,
  `role_id` int(10) unsigned NOT NULL,
  `created_at` timestamp NOT NULL DEFAULT '0000-00-00 00:00:00',
  `updated_at` timestamp NOT NULL DEFAULT '0000-00-00 00:00:00',
  PRIMARY KEY (`id`),
  KEY `permission_role_permission_id_index` (`permission_id`),
  KEY `permission_role_role_id_index` (`role_id`)
) ENGINE=MyISAM DEFAULT CHARSET=utf8 COLLATE=utf8_unicode_ci;
/*!40101 SET character_set_client = @saved_cs_client */;

--
-- Dumping data for table `permission_role`
--

LOCK TABLES `permission_role` WRITE;
/*!40000 ALTER TABLE `permission_role` DISABLE KEYS */;
/*!40000 ALTER TABLE `permission_role` ENABLE KEYS */;
UNLOCK TABLES;

--
-- Table structure for table `permissions`
--

DROP TABLE IF EXISTS `permissions`;
/*!40101 SET @saved_cs_client     = @@character_set_client */;
/*!40101 SET character_set_client = utf8 */;
CREATE TABLE `permissions` (
  `id` int(10) unsigned NOT NULL AUTO_INCREMENT,
  `name` varchar(255) COLLATE utf8_unicode_ci NOT NULL,
  `slug` varchar(255) COLLATE utf8_unicode_ci NOT NULL,
  `description` text COLLATE utf8_unicode_ci,
  `created_at` timestamp NOT NULL DEFAULT '0000-00-00 00:00:00',
  `updated_at` timestamp NOT NULL DEFAULT '0000-00-00 00:00:00',
  PRIMARY KEY (`id`),
  UNIQUE KEY `permissions_slug_unique` (`slug`)
) ENGINE=MyISAM DEFAULT CHARSET=utf8 COLLATE=utf8_unicode_ci;
/*!40101 SET character_set_client = @saved_cs_client */;

--
-- Dumping data for table `permissions`
--

LOCK TABLES `permissions` WRITE;
/*!40000 ALTER TABLE `permissions` DISABLE KEYS */;
/*!40000 ALTER TABLE `permissions` ENABLE KEYS */;
UNLOCK TABLES;

--
-- Table structure for table `position_stakeholder`
--

DROP TABLE IF EXISTS `position_stakeholder`;
/*!40101 SET @saved_cs_client     = @@character_set_client */;
/*!40101 SET character_set_client = utf8 */;
CREATE TABLE `position_stakeholder` (
  `id` int(10) unsigned NOT NULL AUTO_INCREMENT,
  `stakeholder_id` int(10) unsigned NOT NULL,
  `position_id` int(10) unsigned NOT NULL,
  `detail` varchar(255) COLLATE utf8_unicode_ci NOT NULL,
  `created_at` timestamp NOT NULL DEFAULT '0000-00-00 00:00:00',
  `updated_at` timestamp NOT NULL DEFAULT '0000-00-00 00:00:00',
  PRIMARY KEY (`id`)
) ENGINE=MyISAM AUTO_INCREMENT=415 DEFAULT CHARSET=utf8 COLLATE=utf8_unicode_ci;
/*!40101 SET character_set_client = @saved_cs_client */;

--
-- Dumping data for table `position_stakeholder`
--

LOCK TABLES `position_stakeholder` WRITE;
/*!40000 ALTER TABLE `position_stakeholder` DISABLE KEYS */;
INSERT INTO `position_stakeholder` VALUES (10,12,3,'','2015-10-12 00:09:12','2015-10-12 00:09:12'),(11,14,1,'','2015-10-12 00:24:42','2015-10-16 08:56:02'),(12,14,1,'','2015-10-14 17:18:23','2015-10-16 08:56:02'),(13,16,1,'','2015-10-16 08:25:25','2015-10-16 08:25:25'),(14,14,1,'','2015-10-16 08:55:53','2015-10-16 08:56:02'),(15,14,4,'','2015-10-16 08:56:02','2015-10-16 08:56:02'),(16,17,1,'','2015-10-16 09:39:28','2015-10-16 09:39:28'),(86,47,20,'','2015-11-18 04:44:02','2015-11-18 04:44:02'),(18,20,1,'','2015-11-04 02:43:12','2015-11-04 05:00:35'),(19,21,4,'','2015-11-04 02:44:34','2015-11-04 04:56:11'),(20,20,1,'','2015-11-04 04:37:33','2015-11-04 05:00:35'),(21,21,4,'','2015-11-04 04:52:56','2015-11-04 04:56:11'),(22,20,1,'','2015-11-04 04:55:03','2015-11-04 05:00:35'),(23,20,1,'','2015-11-04 04:55:35','2015-11-04 05:00:35'),(24,21,4,'','2015-11-04 04:56:02','2015-11-04 04:56:11'),(25,21,4,'','2015-11-04 04:56:02','2015-11-04 04:56:11'),(26,21,4,'','2015-11-04 04:56:11','2015-11-04 04:56:11'),(27,21,6,'','2015-11-04 04:56:11','2015-11-04 04:56:11'),(28,22,1,'','2015-11-04 05:02:58','2015-11-04 05:02:58'),(29,23,6,'','2015-11-04 05:04:32','2015-11-04 05:04:32'),(30,25,1,'','2015-11-11 03:45:13','2015-11-11 03:45:13'),(31,26,1,'','2015-11-17 08:41:44','2015-11-17 08:41:44'),(32,26,2,'','2015-11-17 08:42:35','2015-11-17 08:42:35'),(43,32,70,'','2015-11-18 02:59:39','2015-11-18 02:59:39'),(81,28,41,'','2015-11-18 04:40:53','2015-11-18 04:40:53'),(83,29,41,'','2015-11-18 04:41:34','2015-11-18 04:41:34'),(84,30,41,'','2015-11-18 04:42:09','2015-11-18 04:42:09'),(89,31,41,'','2015-11-18 04:45:34','2015-11-18 04:45:34'),(80,27,16,'','2015-11-18 04:40:20','2015-11-18 04:40:20'),(397,24,35,'','2015-11-23 04:43:20','2015-11-23 04:43:20'),(380,18,58,'','2015-11-22 23:57:52','2015-11-22 23:57:52'),(45,34,73,'','2015-11-18 03:08:27','2015-11-18 03:08:27'),(351,45,41,'','2015-11-21 03:19:32','2015-11-21 03:19:32'),(50,36,72,'','2015-11-18 03:19:29','2015-11-18 03:19:29'),(53,37,75,'','2015-11-18 03:29:00','2015-11-18 03:29:00'),(54,38,76,'','2015-11-18 03:33:10','2015-11-18 03:33:10'),(92,39,41,'','2015-11-18 04:46:15','2015-11-18 04:46:15'),(59,40,21,'','2015-11-18 03:57:02','2015-11-18 03:57:02'),(72,41,41,'','2015-11-18 04:29:29','2015-11-18 04:29:29'),(94,42,41,'','2015-11-18 04:49:00','2015-11-18 04:49:00'),(62,43,74,'','2015-11-18 04:08:05','2015-11-18 04:08:05'),(95,44,41,'','2015-11-18 04:50:29','2015-11-18 04:50:29'),(65,35,43,'','2015-11-18 04:11:31','2015-11-18 04:11:31'),(67,46,71,'','2015-11-18 04:18:48','2015-11-18 04:18:48'),(82,48,59,'','2015-11-18 04:40:58','2015-11-18 04:40:58'),(99,49,28,'','2015-11-18 05:01:22','2015-11-18 05:01:22'),(384,50,78,'','2015-11-23 02:56:07','2015-11-23 02:56:07'),(125,51,78,'','2015-11-19 01:57:29','2015-11-19 01:57:29'),(122,52,42,'','2015-11-19 01:53:14','2015-11-19 01:53:14'),(100,53,78,'','2015-11-18 05:02:51','2015-11-18 05:02:51'),(101,54,24,'','2015-11-18 05:06:09','2015-11-18 05:06:09'),(102,54,42,'','2015-11-18 05:06:09','2015-11-18 05:06:09'),(103,55,78,'','2015-11-18 05:09:14','2015-11-18 05:09:14'),(121,56,42,'','2015-11-19 01:52:07','2015-11-19 01:52:07'),(123,57,35,'','2015-11-19 01:54:35','2015-11-19 01:54:35'),(124,58,35,'','2015-11-19 01:55:51','2015-11-19 01:55:51'),(127,59,63,'','2015-11-19 02:00:05','2015-11-19 02:00:05'),(109,60,40,'','2015-11-18 06:49:51','2015-11-18 06:49:51'),(119,61,42,'','2015-11-19 01:50:25','2015-11-19 01:50:25'),(117,62,60,'','2015-11-18 07:57:52','2015-11-18 07:57:52'),(126,63,78,'','2015-11-19 01:58:57','2015-11-19 01:58:57'),(116,64,10,'','2015-11-18 07:56:59','2015-11-18 07:56:59'),(144,65,31,'','2015-11-19 04:41:02','2015-11-19 04:41:02'),(143,65,42,'','2015-11-19 04:41:02','2015-11-19 04:41:02'),(137,66,42,'','2015-11-19 03:05:40','2015-11-19 03:05:40'),(385,67,78,'','2015-11-23 02:57:39','2015-11-23 02:57:39'),(367,68,37,'','2015-11-21 04:46:57','2015-11-21 04:46:57'),(226,69,64,'','2015-11-19 07:12:24','2015-11-19 07:12:24'),(228,70,64,'','2015-11-19 07:12:59','2015-11-19 07:12:59'),(229,71,64,'','2015-11-19 07:13:23','2015-11-19 07:13:23'),(266,72,41,'','2015-11-19 13:15:13','2015-11-19 13:15:13'),(206,73,41,'','2015-11-19 07:03:31','2015-11-19 07:03:31'),(158,76,23,'','2015-11-19 06:49:02','2015-11-19 06:49:02'),(243,77,41,'','2015-11-19 07:28:48','2015-11-19 07:28:48'),(269,78,50,'','2015-11-19 14:52:32','2015-11-19 14:52:32'),(180,80,41,'','2015-11-19 06:56:17','2015-11-19 06:56:17'),(189,82,41,'','2015-11-19 06:57:07','2015-11-19 06:57:07'),(159,83,41,'','2015-11-19 06:49:35','2015-11-19 06:49:35'),(264,84,41,'','2015-11-19 08:16:29','2015-11-19 08:16:29'),(188,85,41,'','2015-11-19 06:57:05','2015-11-19 06:57:05'),(160,74,41,'','2015-11-19 06:49:55','2015-11-19 06:49:55'),(202,86,41,'','2015-11-19 07:01:54','2015-11-19 07:01:54'),(230,87,41,'','2015-11-19 07:13:51','2015-11-19 07:13:51'),(268,78,41,'','2015-11-19 14:52:32','2015-11-19 14:52:32'),(213,88,41,'','2015-11-19 07:05:00','2015-11-19 07:05:00'),(215,90,41,'','2015-11-19 07:06:38','2015-11-19 07:06:38'),(183,91,41,'','2015-11-19 06:56:42','2015-11-19 06:56:42'),(193,92,41,'','2015-11-19 06:58:21','2015-11-19 06:58:21'),(210,79,41,'','2015-11-19 07:03:48','2015-11-19 07:03:48'),(209,79,49,'','2015-11-19 07:03:48','2015-11-19 07:03:48'),(192,93,41,'','2015-11-19 06:58:05','2015-11-19 06:58:05'),(197,94,41,'','2015-11-19 06:59:12','2015-11-19 06:59:12'),(207,95,41,'','2015-11-19 07:03:31','2015-11-19 07:03:31'),(233,96,41,'','2015-11-19 07:17:04','2015-11-19 07:17:04'),(216,89,41,'','2015-11-19 07:07:12','2015-11-19 07:07:12'),(218,98,41,'','2015-11-19 07:09:59','2015-11-19 07:09:59'),(222,99,64,'','2015-11-19 07:11:32','2015-11-19 07:11:32'),(386,100,27,'','2015-11-23 03:00:07','2015-11-23 03:00:07'),(231,102,17,'','2015-11-19 07:14:54','2015-11-19 07:14:54'),(232,105,64,'','2015-11-19 07:17:00','2015-11-19 07:17:00'),(234,106,64,'','2015-11-19 07:21:09','2015-11-19 07:21:09'),(242,108,35,'','2015-11-19 07:28:07','2015-11-19 07:28:07'),(236,109,41,'','2015-11-19 07:24:20','2015-11-19 07:24:20'),(265,104,41,'','2015-11-19 08:20:06','2015-11-19 08:20:06'),(273,111,30,'','2015-11-20 00:11:04','2015-11-20 00:11:04'),(246,110,54,'','2015-11-19 07:30:52','2015-11-19 07:30:52'),(248,112,41,'','2015-11-19 07:35:19','2015-11-19 07:35:19'),(249,113,69,'','2015-11-19 07:36:18','2015-11-19 07:36:18'),(253,114,69,'','2015-11-19 07:49:41','2015-11-19 07:49:41'),(255,115,69,'','2015-11-19 07:50:54','2015-11-19 07:50:54'),(252,116,69,'','2015-11-19 07:49:16','2015-11-19 07:49:16'),(296,119,41,'','2015-11-20 03:12:17','2015-11-20 03:12:17'),(257,127,41,'','2015-11-19 07:53:47','2015-11-19 07:53:47'),(258,128,69,'','2015-11-19 07:53:52','2015-11-19 07:53:52'),(259,129,69,'','2015-11-19 07:57:14','2015-11-19 07:57:14'),(260,130,42,'','2015-11-19 07:57:51','2015-11-19 07:57:51'),(261,131,69,'','2015-11-19 08:00:47','2015-11-19 08:00:47'),(263,132,64,'','2015-11-19 08:06:02','2015-11-19 08:06:02'),(379,133,42,'','2015-11-22 16:14:26','2015-11-22 16:14:26'),(270,134,46,'','2015-11-19 14:56:50','2015-11-19 14:56:50'),(336,135,78,'','2015-11-21 01:29:35','2015-11-21 01:29:35'),(335,135,43,'','2015-11-21 01:29:35','2015-11-21 01:29:35'),(364,136,42,'','2015-11-21 04:33:43','2015-11-21 04:33:43'),(392,178,78,'','2015-11-23 03:15:41','2015-11-23 03:15:41'),(325,137,78,'','2015-11-21 01:01:09','2015-11-21 01:01:09'),(280,138,42,'','2015-11-20 01:28:27','2015-11-20 01:28:27'),(279,139,18,'','2015-11-20 01:28:07','2015-11-20 01:28:07'),(373,140,56,'','2015-11-21 06:18:24','2015-11-21 06:18:24'),(282,141,42,'','2015-11-20 01:39:57','2015-11-20 01:39:57'),(283,142,56,'','2015-11-20 01:40:41','2015-11-20 01:40:41'),(328,143,54,'','2015-11-21 01:06:26','2015-11-21 01:06:26'),(285,144,42,'','2015-11-20 01:58:32','2015-11-20 01:58:32'),(333,145,61,'','2015-11-21 01:24:56','2015-11-21 01:24:56'),(323,146,78,'','2015-11-21 00:58:35','2015-11-21 00:58:35'),(383,147,61,'','2015-11-23 02:28:43','2015-11-23 02:28:43'),(387,148,78,'','2015-11-23 03:02:55','2015-11-23 03:02:55'),(388,149,78,'','2015-11-23 03:04:46','2015-11-23 03:04:46'),(327,150,78,'','2015-11-21 01:02:55','2015-11-21 01:02:55'),(292,151,78,'','2015-11-20 02:35:51','2015-11-20 02:35:51'),(324,152,78,'','2015-11-21 00:59:40','2015-11-21 00:59:40'),(294,153,78,'','2015-11-20 02:48:39','2015-11-20 02:48:39'),(295,154,78,'','2015-11-20 03:03:04','2015-11-20 03:03:04'),(297,155,56,'','2015-11-20 03:15:25','2015-11-20 03:15:25'),(298,156,42,'','2015-11-20 03:24:59','2015-11-20 03:24:59'),(389,157,46,'','2015-11-23 03:06:11','2015-11-23 03:06:11'),(301,158,66,'','2015-11-20 03:56:30','2015-11-20 03:56:30'),(302,159,78,'','2015-11-20 03:57:06','2015-11-20 03:57:06'),(303,160,66,'','2015-11-20 04:04:41','2015-11-20 04:04:41'),(304,161,66,'','2015-11-20 04:11:20','2015-11-20 04:11:20'),(305,162,66,'','2015-11-20 04:15:31','2015-11-20 04:15:31'),(306,163,66,'','2015-11-20 04:19:18','2015-11-20 04:19:18'),(307,164,66,'','2015-11-20 04:23:34','2015-11-20 04:23:34'),(308,165,66,'','2015-11-20 04:26:18','2015-11-20 04:26:18'),(309,166,66,'','2015-11-20 04:29:29','2015-11-20 04:29:29'),(310,167,42,'','2015-11-20 04:29:29','2015-11-20 04:29:29'),(311,169,42,'','2015-11-20 04:43:06','2015-11-20 04:43:06'),(312,170,63,'','2015-11-20 05:50:14','2015-11-20 05:50:14'),(360,171,42,'','2015-11-21 04:14:08','2015-11-21 04:14:08'),(330,172,63,'','2015-11-21 01:16:01','2015-11-21 01:16:01'),(315,173,78,'','2015-11-20 06:15:53','2015-11-20 06:15:53'),(321,174,11,'','2015-11-21 00:55:52','2015-11-21 00:55:52'),(322,175,37,'','2015-11-21 00:57:14','2015-11-21 00:57:14'),(319,176,78,'','2015-11-20 13:24:16','2015-11-20 13:24:16'),(320,177,42,'','2015-11-20 22:39:27','2015-11-20 22:39:27'),(337,179,78,'','2015-11-21 01:29:55','2015-11-21 01:29:55'),(339,180,78,'','2015-11-21 01:34:58','2015-11-21 01:34:58'),(390,181,78,'','2015-11-23 03:09:42','2015-11-23 03:09:42'),(341,182,78,'','2015-11-21 01:49:20','2015-11-21 01:49:20'),(342,183,57,'','2015-11-21 02:23:40','2015-11-21 02:23:40'),(344,184,78,'','2015-11-21 02:36:19','2015-11-21 02:36:19'),(345,185,78,'','2015-11-21 02:44:43','2015-11-21 02:44:43'),(346,186,42,'','2015-11-21 03:02:14','2015-11-21 03:02:14'),(347,187,78,'','2015-11-21 03:05:32','2015-11-21 03:05:32'),(348,188,78,'','2015-11-21 03:07:15','2015-11-21 03:07:15'),(349,189,78,'','2015-11-21 03:13:51','2015-11-21 03:13:51'),(350,190,78,'','2015-11-21 03:17:12','2015-11-21 03:17:12'),(352,191,78,'','2015-11-21 03:26:32','2015-11-21 03:26:32'),(353,192,63,'','2015-11-21 03:30:06','2015-11-21 03:30:06'),(354,193,78,'','2015-11-21 03:32:18','2015-11-21 03:32:18'),(391,194,78,'','2015-11-23 03:12:46','2015-11-23 03:12:46'),(356,195,78,'','2015-11-21 03:40:44','2015-11-21 03:40:44'),(357,196,78,'','2015-11-21 03:52:39','2015-11-21 03:52:39'),(358,198,78,'','2015-11-21 04:01:33','2015-11-21 04:01:33'),(359,199,78,'','2015-11-21 04:11:07','2015-11-21 04:11:07'),(361,200,78,'','2015-11-21 04:21:47','2015-11-21 04:21:47'),(362,201,78,'','2015-11-21 04:23:47','2015-11-21 04:23:47'),(363,202,78,'','2015-11-21 04:31:20','2015-11-21 04:31:20'),(366,203,37,'','2015-11-21 04:43:01','2015-11-21 04:43:01'),(368,205,37,'','2015-11-21 04:50:29','2015-11-21 04:50:29'),(369,205,42,'','2015-11-21 04:50:29','2015-11-21 04:50:29'),(370,206,45,'','2015-11-21 04:51:45','2015-11-21 04:51:45'),(371,206,78,'','2015-11-21 04:51:45','2015-11-21 04:51:45'),(372,208,78,'','2015-11-21 06:16:57','2015-11-21 06:16:57'),(375,209,54,'','2015-11-21 06:44:59','2015-11-21 06:44:59'),(376,212,43,'','2015-11-21 07:44:09','2015-11-21 07:44:09'),(377,213,42,'','2015-11-21 08:25:15','2015-11-21 08:25:15'),(378,214,41,'','2015-11-22 03:31:22','2015-11-22 03:31:22'),(396,218,48,'','2015-11-23 03:58:48','2015-11-23 03:58:48'),(399,221,17,'','2015-11-23 06:28:12','2015-11-23 06:28:12'),(401,222,42,'','2015-11-23 06:38:57','2015-11-23 06:38:57'),(402,75,41,'','2015-11-23 06:50:57','2015-11-23 06:50:57'),(403,97,41,'','2015-11-23 06:52:16','2015-11-23 06:52:16'),(404,110,79,'','2015-11-23 06:55:56','2015-11-23 06:55:56'),(405,223,44,'','2015-11-23 10:40:35','2015-11-23 10:40:35'),(406,223,78,'','2015-11-23 10:40:36','2015-11-23 10:40:36'),(407,226,57,'','2015-11-23 12:39:06','2015-11-23 12:39:06'),(408,227,57,'','2015-11-23 13:01:15','2015-11-23 13:01:15'),(409,228,44,'','2015-11-23 14:09:01','2015-11-23 14:09:01'),(410,228,78,'','2015-11-23 14:09:01','2015-11-23 14:09:01'),(411,229,44,'','2015-11-23 14:09:01','2015-11-23 14:09:01'),(412,229,78,'','2015-11-23 14:09:01','2015-11-23 14:09:01'),(413,230,44,'','2015-11-23 14:09:02','2015-11-23 14:09:02'),(414,230,78,'','2015-11-23 14:09:02','2015-11-23 14:09:02');
/*!40000 ALTER TABLE `position_stakeholder` ENABLE KEYS */;
UNLOCK TABLES;

--
-- Table structure for table `positions`
--

DROP TABLE IF EXISTS `positions`;
/*!40101 SET @saved_cs_client     = @@character_set_client */;
/*!40101 SET character_set_client = utf8 */;
CREATE TABLE `positions` (
  `id` int(10) unsigned NOT NULL AUTO_INCREMENT,
  `position` varchar(255) COLLATE utf8_unicode_ci NOT NULL,
  `created_at` timestamp NOT NULL DEFAULT '0000-00-00 00:00:00',
  `updated_at` timestamp NOT NULL DEFAULT '0000-00-00 00:00:00',
  PRIMARY KEY (`id`)
) ENGINE=MyISAM AUTO_INCREMENT=80 DEFAULT CHARSET=utf8 COLLATE=utf8_unicode_ci;
/*!40101 SET character_set_client = @saved_cs_client */;

--
-- Dumping data for table `positions`
--

LOCK TABLES `positions` WRITE;
/*!40000 ALTER TABLE `positions` DISABLE KEYS */;
INSERT INTO `positions` VALUES (11,'Kepala SMAIT Al-Multazam','2015-11-18 00:20:29','2015-11-18 00:20:29'),(10,'Kepala SMPIT Al-Multazam','2015-11-18 00:20:14','2015-11-18 00:20:14'),(9,'Kepala SDIT Al-Multazam','2015-11-18 00:19:54','2015-11-18 00:19:54'),(8,'Kepala TKIT Al-Multazam','2015-11-18 00:19:36','2015-11-18 00:19:36'),(12,'Kepala Bagian Pembinaan Putra','2015-11-18 00:20:43','2015-11-18 00:20:43'),(13,'Kepala Bagian Pembinaan Putri','2015-11-18 00:21:05','2015-11-18 00:21:05'),(14,'Kepala Bagian Pembinaan Putri','2015-11-18 00:21:05','2015-11-18 00:21:05'),(15,'Kepala Bagian Bahasa','2015-11-18 00:21:15','2015-11-18 00:21:15'),(16,'Kepala Bagian Tahfidz Qur\'an','2015-11-18 00:21:31','2015-11-18 00:21:31'),(17,'Kepala Bagian Keuangan','2015-11-18 00:21:43','2015-11-18 00:21:43'),(18,'Sekretaris Mudir','2015-11-18 00:21:59','2015-11-18 00:21:59'),(19,'Kepala Divisi HRD','2015-11-18 00:22:08','2015-11-18 00:22:08'),(20,'Kepala Divisi HUDA','2015-11-18 00:22:27','2015-11-18 00:22:27'),(21,'Mudir Ma\'had Al-Multazam','2015-11-18 00:23:15','2015-11-18 00:23:15'),(22,'Wakasek Kurikulum SDIT','2015-11-18 00:23:46','2015-11-18 00:23:46'),(23,'Wakasek Kurikulum SMPIT','2015-11-18 00:24:01','2015-11-18 00:24:01'),(24,'Wakasek Kurikulum SMAIT','2015-11-18 00:24:19','2015-11-18 00:24:19'),(25,'Wakasek Kurikulum SMAIT','2015-11-18 00:24:20','2015-11-18 00:24:20'),(26,'Wakasek Kesiswaan SDIT','2015-11-18 00:24:37','2015-11-18 00:24:37'),(27,'Wakasek Kesiswaan SMPIT','2015-11-18 00:24:59','2015-11-18 00:24:59'),(28,'Wakasek Kesiswaan SMAIT','2015-11-18 00:25:25','2015-11-18 00:25:25'),(29,'Kepala TU SDIT','2015-11-18 00:26:13','2015-11-18 00:26:13'),(30,'Kepala TU SMPIT','2015-11-18 00:26:23','2015-11-18 00:26:23'),(31,'Kepala TU SMAIT','2015-11-18 00:26:36','2015-11-18 00:26:36'),(32,'Staff TU TKIT','2015-11-18 00:26:50','2015-11-18 00:26:50'),(33,'Staff TU TKIT','2015-11-18 00:26:51','2015-11-18 00:26:51'),(34,'Staff TU SDIT','2015-11-18 00:27:07','2015-11-18 00:27:07'),(35,'Staff TU SMPIT','2015-11-18 00:27:21','2015-11-18 00:27:21'),(36,'Staff TU SMPIT','2015-11-18 00:27:23','2015-11-18 00:27:23'),(37,'Staff TU SMAIT','2015-11-18 00:27:40','2015-11-18 00:27:40'),(38,'Guru TKIT','2015-11-18 00:27:59','2015-11-18 00:27:59'),(39,'Guru TKIT','2015-11-18 00:27:59','2015-11-18 00:27:59'),(40,'Guru SDIT','2015-11-18 00:28:10','2015-11-18 00:28:10'),(41,'Guru SMPIT','2015-11-18 00:28:27','2015-11-18 00:28:27'),(42,'Guru SMAIT','2015-11-18 00:28:42','2015-11-18 00:28:42'),(43,'Kanit Kedisiplinan','2015-11-18 00:29:19','2015-11-18 00:29:19'),(44,'Pembina OSMA','2015-11-18 00:29:31','2015-11-18 00:29:31'),(45,'Kanit Ibadah','2015-11-18 00:29:43','2015-11-18 00:29:43'),(46,'Kanit Keasramaan','2015-11-18 00:30:04','2015-11-18 00:30:04'),(47,'Kanit HTB','2015-11-18 00:30:12','2015-11-18 00:30:12'),(48,'Kanit Bahasa Arab','2015-11-18 00:30:27','2015-11-18 00:30:27'),(49,'Kanit Bahasa Arab','2015-11-18 00:30:31','2015-11-18 00:30:31'),(50,'Kanit Bahasa Inggris','2015-11-18 00:30:56','2015-11-18 00:30:56'),(51,'Pustakawan','2015-11-18 00:31:29','2015-11-18 00:31:29'),(52,'Pustakawan','2015-11-18 00:31:32','2015-11-18 00:31:32'),(53,'Laboran','2015-11-18 00:31:51','2015-11-18 00:31:51'),(54,'Kanit Kesehatan','2015-11-18 00:32:15','2015-11-18 00:32:15'),(55,'Kanit Tahfidz Quran','2015-11-18 00:33:55','2015-11-18 00:33:55'),(56,'Staff Pembinaan','2015-11-18 00:34:23','2015-11-18 00:34:23'),(57,'Staff Bahasa','2015-11-18 00:34:37','2015-11-18 00:34:37'),(58,'Staff HRD','2015-11-18 00:35:11','2015-11-18 00:35:11'),(59,'Wakadiv HRD','2015-11-18 00:35:28','2015-11-18 00:35:28'),(60,'Wakadiv HUDA','2015-11-18 00:35:38','2015-11-18 00:35:38'),(61,'Staff Kesekretariatan','2015-11-18 00:35:52','2015-11-18 00:35:52'),(62,'Staff Media','2015-11-18 00:36:04','2015-11-18 00:36:04'),(63,'Staff Keuangan','2015-11-18 00:36:32','2015-11-18 00:36:32'),(64,'Security','2015-11-18 00:37:29','2015-11-18 00:37:29'),(65,'Sarana/LH','2015-11-18 00:37:52','2015-11-18 00:37:52'),(66,'Dapur','2015-11-18 00:38:04','2015-11-18 00:38:04'),(67,'Mudir Ma\'had Al-Multazam 2','2015-11-18 00:38:24','2015-11-18 00:38:24'),(68,'Mudir Ma\'had Al-Multazam 2','2015-11-18 00:38:25','2015-11-18 00:38:25'),(69,'Loundry','2015-11-18 00:39:14','2015-11-18 00:39:14'),(70,'Ketua Pembina','2015-11-18 02:42:31','2015-11-18 02:42:31'),(71,'Pengawas Yayasan','2015-11-18 02:42:39','2015-11-18 02:42:39'),(72,'Bendahara Yayasan','2015-11-18 02:42:51','2015-11-18 02:42:51'),(73,'Kepala Divisi Fullday','2015-11-18 03:03:36','2015-11-18 03:03:36'),(74,'Kepala Divisi Sarana dan Ekonomi','2015-11-18 03:03:54','2015-11-18 03:03:54'),(75,'Ketua Yayasan','2015-11-18 03:28:24','2015-11-18 03:28:24'),(76,'Sekretaris Yayasan','2015-11-18 03:28:34','2015-11-18 03:28:34'),(77,'Sekretaris Yayasan','2015-11-18 03:28:34','2015-11-18 03:28:34'),(78,'Wali Asrama','2015-11-18 04:41:34','2015-11-18 04:41:34'),(79,'Staff Kesehatan','2015-11-23 06:54:30','2015-11-23 06:54:30');
/*!40000 ALTER TABLE `positions` ENABLE KEYS */;
UNLOCK TABLES;

--
-- Table structure for table `readings`
--

DROP TABLE IF EXISTS `readings`;
/*!40101 SET @saved_cs_client     = @@character_set_client */;
/*!40101 SET character_set_client = utf8 */;
CREATE TABLE `readings` (
  `id` int(10) unsigned NOT NULL AUTO_INCREMENT,
  `student_id` int(10) unsigned NOT NULL,
  `attendance` enum('hadir','sakit','izin','alpa') COLLATE utf8_unicode_ci NOT NULL,
  `score` double NOT NULL,
  `semester` tinyint(4) NOT NULL,
  `year` varchar(255) COLLATE utf8_unicode_ci NOT NULL,
  `date` date NOT NULL,
  `created_at` timestamp NOT NULL DEFAULT '0000-00-00 00:00:00',
  `updated_at` timestamp NOT NULL DEFAULT '0000-00-00 00:00:00',
  PRIMARY KEY (`id`)
) ENGINE=MyISAM AUTO_INCREMENT=3 DEFAULT CHARSET=utf8 COLLATE=utf8_unicode_ci;
/*!40101 SET character_set_client = @saved_cs_client */;

--
-- Dumping data for table `readings`
--

LOCK TABLES `readings` WRITE;
/*!40000 ALTER TABLE `readings` DISABLE KEYS */;
INSERT INTO `readings` VALUES (1,4,'hadir',70,1,'2015/2016','2015-11-04','2015-11-04 05:25:58','2015-11-04 05:25:58'),(2,26,'hadir',90,1,'2015/2016','2015-11-04','2015-11-04 05:25:58','2015-11-04 05:25:58');
/*!40000 ALTER TABLE `readings` ENABLE KEYS */;
UNLOCK TABLES;

--
-- Table structure for table `recitations`
--

DROP TABLE IF EXISTS `recitations`;
/*!40101 SET @saved_cs_client     = @@character_set_client */;
/*!40101 SET character_set_client = utf8 */;
CREATE TABLE `recitations` (
  `id` int(10) unsigned NOT NULL AUTO_INCREMENT,
  `student_id` int(10) unsigned NOT NULL,
  `juz` varchar(255) COLLATE utf8_unicode_ci NOT NULL,
  `from` varchar(255) COLLATE utf8_unicode_ci NOT NULL,
  `to` varchar(255) COLLATE utf8_unicode_ci NOT NULL,
  `surah` varchar(255) COLLATE utf8_unicode_ci NOT NULL,
  `score` double NOT NULL,
  `semester` tinyint(4) NOT NULL,
  `year` varchar(255) COLLATE utf8_unicode_ci NOT NULL,
  `date` date NOT NULL,
  `created_at` timestamp NOT NULL DEFAULT '0000-00-00 00:00:00',
  `updated_at` timestamp NOT NULL DEFAULT '0000-00-00 00:00:00',
  PRIMARY KEY (`id`)
) ENGINE=MyISAM AUTO_INCREMENT=4 DEFAULT CHARSET=utf8 COLLATE=utf8_unicode_ci;
/*!40101 SET character_set_client = @saved_cs_client */;

--
-- Dumping data for table `recitations`
--

LOCK TABLES `recitations` WRITE;
/*!40000 ALTER TABLE `recitations` DISABLE KEYS */;
INSERT INTO `recitations` VALUES (1,71,'1','1','7','al-baqarah',0,1,'2015/2016','2015-11-04','2015-11-04 05:27:32','2015-11-04 05:27:32'),(2,4,'1','1','9','albaqarah',0,1,'2015/2016','2015-11-04','2015-11-04 05:28:17','2015-11-04 05:28:17'),(3,26,'1','1','12','al-baqarah',0,1,'2015/2016','2015-11-04','2015-11-04 05:28:33','2015-11-04 05:28:33');
/*!40000 ALTER TABLE `recitations` ENABLE KEYS */;
UNLOCK TABLES;

--
-- Table structure for table `reports`
--

DROP TABLE IF EXISTS `reports`;
/*!40101 SET @saved_cs_client     = @@character_set_client */;
/*!40101 SET character_set_client = utf8 */;
CREATE TABLE `reports` (
  `id` int(10) unsigned NOT NULL AUTO_INCREMENT,
  `stakeholder_id` int(10) unsigned NOT NULL,
  `performance_id` int(10) unsigned NOT NULL,
  `year` varchar(255) COLLATE utf8_unicode_ci NOT NULL,
  `created_at` timestamp NOT NULL DEFAULT '0000-00-00 00:00:00',
  `updated_at` timestamp NOT NULL DEFAULT '0000-00-00 00:00:00',
  `semester` enum('1','2') COLLATE utf8_unicode_ci NOT NULL,
  `score` double NOT NULL,
  PRIMARY KEY (`id`)
) ENGINE=MyISAM AUTO_INCREMENT=49 DEFAULT CHARSET=utf8 COLLATE=utf8_unicode_ci;
/*!40101 SET character_set_client = @saved_cs_client */;

--
-- Dumping data for table `reports`
--

LOCK TABLES `reports` WRITE;
/*!40000 ALTER TABLE `reports` DISABLE KEYS */;
INSERT INTO `reports` VALUES (1,14,1,'2015/2016','2015-10-13 03:08:59','2015-10-13 03:08:59','1',78),(2,14,2,'2015/2016','2015-10-13 03:08:59','2015-10-13 03:08:59','1',66),(3,14,3,'2015/2016','2015-10-13 03:08:59','2015-10-13 03:08:59','1',68),(4,14,4,'2015/2016','2015-10-13 03:08:59','2015-10-13 03:08:59','1',66),(5,17,5,'2015/2016','2015-10-16 08:58:45','2015-10-16 08:58:45','1',70),(6,17,6,'2015/2016','2015-10-16 08:58:45','2015-10-16 08:58:45','1',80),(7,17,7,'2015/2016','2015-10-16 08:58:45','2015-10-16 08:58:45','1',80),(8,17,8,'2015/2016','2015-10-16 08:58:45','2015-10-16 08:58:45','1',80),(9,17,9,'2015/2016','2015-10-16 08:58:45','2015-10-16 08:58:45','1',80),(10,17,10,'2015/2016','2015-10-16 08:58:45','2015-10-16 08:58:45','1',70),(11,17,11,'2015/2016','2015-10-16 08:58:45','2015-10-16 08:58:45','1',80),(12,17,12,'2015/2016','2015-10-16 08:58:45','2015-10-16 08:58:45','1',60),(13,17,13,'2015/2016','2015-10-16 08:58:45','2015-10-16 08:58:45','1',80),(14,17,14,'2015/2016','2015-10-16 08:58:45','2015-10-16 08:58:45','1',80),(15,18,5,'2015/2016','2015-10-21 04:50:50','2015-10-21 04:50:50','1',80),(16,18,6,'2015/2016','2015-10-21 04:50:50','2015-10-21 04:50:50','1',80),(17,18,7,'2015/2016','2015-10-21 04:50:50','2015-10-21 04:50:50','1',80),(18,18,8,'2015/2016','2015-10-21 04:50:50','2015-10-21 04:50:50','1',80),(19,18,9,'2015/2016','2015-10-21 04:50:50','2015-10-21 04:50:50','1',80),(20,18,10,'2015/2016','2015-10-21 04:50:50','2015-10-21 04:50:50','1',80),(21,18,11,'2015/2016','2015-10-21 04:50:50','2015-10-21 04:50:50','1',80),(22,18,12,'2015/2016','2015-10-21 04:50:50','2015-10-21 04:50:50','1',80),(23,18,13,'2015/2016','2015-10-21 04:50:50','2015-10-21 04:50:50','1',80),(24,18,14,'2015/2016','2015-10-21 04:50:50','2015-10-21 04:50:50','1',80),(25,27,5,'','2015-11-23 16:04:13','2015-11-23 16:04:13','1',80),(26,27,6,'','2015-11-23 16:04:13','2015-11-23 16:04:13','1',90),(27,27,7,'','2015-11-23 16:04:13','2015-11-23 16:04:13','1',80),(28,27,8,'','2015-11-23 16:04:13','2015-11-23 16:04:13','1',90),(29,27,5,'','2015-11-23 17:38:00','2015-11-23 17:38:00','1',80),(30,27,6,'','2015-11-23 17:38:00','2015-11-23 17:38:00','1',90),(31,27,7,'','2015-11-23 17:38:00','2015-11-23 17:38:00','1',80),(32,27,8,'','2015-11-23 17:38:00','2015-11-23 17:38:00','1',90),(33,28,5,'','2015-11-23 17:38:00','2015-11-23 17:38:00','1',79),(34,28,6,'','2015-11-23 17:38:00','2015-11-23 17:38:00','1',78),(35,28,7,'','2015-11-23 17:38:00','2015-11-23 17:38:00','1',87),(36,28,8,'','2015-11-23 17:38:00','2015-11-23 17:38:00','1',77),(37,30,5,'','2015-11-23 17:38:00','2015-11-23 17:38:00','1',90),(38,30,6,'','2015-11-23 17:38:00','2015-11-23 17:38:00','1',90),(39,27,5,'2015/2016','2015-11-23 17:43:24','2015-11-23 17:43:24','1',80),(40,27,6,'2015/2016','2015-11-23 17:43:24','2015-11-23 17:43:24','1',90),(41,27,7,'2015/2016','2015-11-23 17:43:24','2015-11-23 17:43:24','1',80),(42,27,8,'2015/2016','2015-11-23 17:43:24','2015-11-23 17:43:24','1',90),(43,28,5,'2015/2016','2015-11-23 17:43:24','2015-11-23 17:43:24','1',79),(44,28,6,'2015/2016','2015-11-23 17:43:24','2015-11-23 17:43:24','1',78),(45,28,7,'2015/2016','2015-11-23 17:43:24','2015-11-23 17:43:24','1',87),(46,28,8,'2015/2016','2015-11-23 17:43:24','2015-11-23 17:43:24','1',77),(47,30,5,'2015/2016','2015-11-23 17:43:24','2015-11-23 17:43:24','1',90),(48,30,6,'2015/2016','2015-11-23 17:43:24','2015-11-23 17:43:24','1',90);
/*!40000 ALTER TABLE `reports` ENABLE KEYS */;
UNLOCK TABLES;

--
-- Table structure for table `role_user`
--

DROP TABLE IF EXISTS `role_user`;
/*!40101 SET @saved_cs_client     = @@character_set_client */;
/*!40101 SET character_set_client = utf8 */;
CREATE TABLE `role_user` (
  `id` int(10) unsigned NOT NULL AUTO_INCREMENT,
  `role_id` int(10) unsigned NOT NULL,
  `user_id` int(10) unsigned NOT NULL,
  `created_at` timestamp NOT NULL DEFAULT '0000-00-00 00:00:00',
  `updated_at` timestamp NOT NULL DEFAULT '0000-00-00 00:00:00',
  PRIMARY KEY (`id`),
  KEY `role_user_role_id_index` (`role_id`),
  KEY `role_user_user_id_index` (`user_id`)
) ENGINE=MyISAM AUTO_INCREMENT=8 DEFAULT CHARSET=utf8 COLLATE=utf8_unicode_ci;
/*!40101 SET character_set_client = @saved_cs_client */;

--
-- Dumping data for table `role_user`
--

LOCK TABLES `role_user` WRITE;
/*!40000 ALTER TABLE `role_user` DISABLE KEYS */;
INSERT INTO `role_user` VALUES (1,1,1,'2015-10-09 23:12:08','2015-10-09 23:12:08'),(2,2,2,'2015-10-09 23:16:57','2015-10-09 23:16:57'),(3,6,3,'2015-10-09 23:17:16','2015-10-09 23:17:16'),(4,4,4,'2015-10-09 23:17:29','2015-10-09 23:17:29'),(5,5,5,'2015-10-14 17:54:05','2015-10-14 17:54:05'),(6,5,6,'2015-11-04 01:43:19','2015-11-04 01:43:19'),(7,4,7,'2015-11-19 01:15:23','2015-11-19 01:15:23');
/*!40000 ALTER TABLE `role_user` ENABLE KEYS */;
UNLOCK TABLES;

--
-- Table structure for table `roles`
--

DROP TABLE IF EXISTS `roles`;
/*!40101 SET @saved_cs_client     = @@character_set_client */;
/*!40101 SET character_set_client = utf8 */;
CREATE TABLE `roles` (
  `id` int(10) unsigned NOT NULL AUTO_INCREMENT,
  `name` varchar(255) COLLATE utf8_unicode_ci NOT NULL,
  `slug` varchar(255) COLLATE utf8_unicode_ci NOT NULL,
  `description` text COLLATE utf8_unicode_ci,
  `created_at` timestamp NOT NULL DEFAULT '0000-00-00 00:00:00',
  `updated_at` timestamp NOT NULL DEFAULT '0000-00-00 00:00:00',
  PRIMARY KEY (`id`),
  UNIQUE KEY `roles_slug_unique` (`slug`)
) ENGINE=MyISAM AUTO_INCREMENT=7 DEFAULT CHARSET=utf8 COLLATE=utf8_unicode_ci;
/*!40101 SET character_set_client = @saved_cs_client */;

--
-- Dumping data for table `roles`
--

LOCK TABLES `roles` WRITE;
/*!40000 ALTER TABLE `roles` DISABLE KEYS */;
INSERT INTO `roles` VALUES (1,'root','root','The one who own the site','2015-10-09 23:12:08','2015-10-09 23:12:08'),(2,'admin','admin','Administrator\r\n','2015-10-09 23:15:16','2015-10-09 23:15:16'),(3,'guru','guru','Guru','2015-10-09 23:15:30','2015-10-09 23:15:30'),(4,'hrd','hrd','HRD','2015-10-09 23:15:39','2015-10-09 23:15:39'),(5,'alquran','alquran','Al Quran','2015-10-09 23:16:01','2015-10-09 23:16:01'),(6,'pembina','pembina','Pembina','2015-10-09 23:16:36','2015-10-09 23:16:36');
/*!40000 ALTER TABLE `roles` ENABLE KEYS */;
UNLOCK TABLES;

--
-- Table structure for table `scores`
--

DROP TABLE IF EXISTS `scores`;
/*!40101 SET @saved_cs_client     = @@character_set_client */;
/*!40101 SET character_set_client = utf8 */;
CREATE TABLE `scores` (
  `id` int(10) unsigned NOT NULL AUTO_INCREMENT,
  `student_id` int(10) unsigned NOT NULL,
  `contract_id` int(10) unsigned NOT NULL,
  `uh_1` double DEFAULT NULL,
  `uh_2` double DEFAULT NULL,
  `uh_3` double DEFAULT NULL,
  `uh_4` double DEFAULT NULL,
  `uts` double DEFAULT NULL,
  `uas` double DEFAULT NULL,
  `created_at` timestamp NOT NULL DEFAULT '0000-00-00 00:00:00',
  `updated_at` timestamp NOT NULL DEFAULT '0000-00-00 00:00:00',
  PRIMARY KEY (`id`)
) ENGINE=MyISAM AUTO_INCREMENT=133 DEFAULT CHARSET=utf8 COLLATE=utf8_unicode_ci;
/*!40101 SET character_set_client = @saved_cs_client */;

--
-- Dumping data for table `scores`
--

LOCK TABLES `scores` WRITE;
/*!40000 ALTER TABLE `scores` DISABLE KEYS */;
INSERT INTO `scores` VALUES (1,1,0,50,50,50,0,0,0,'2015-10-12 01:41:59','2015-10-12 01:42:24'),(2,2,0,0,0,0,0,0,0,'2015-10-12 01:41:59','2015-10-12 01:41:59'),(3,3,0,0,0,0,0,0,0,'2015-10-12 01:41:59','2015-10-12 01:41:59'),(4,4,0,0,0,0,0,0,0,'2015-10-12 01:41:59','2015-10-12 01:41:59'),(5,5,0,0,0,0,0,0,0,'2015-10-12 01:41:59','2015-10-12 01:41:59'),(6,6,0,0,0,0,0,0,0,'2015-10-12 01:41:59','2015-10-12 01:41:59'),(7,7,0,0,0,0,0,0,0,'2015-10-12 01:41:59','2015-10-12 01:41:59'),(8,8,0,0,0,0,0,0,0,'2015-10-12 01:42:00','2015-10-12 01:42:00'),(9,9,0,0,0,0,0,0,0,'2015-10-12 01:42:00','2015-10-12 01:42:00'),(10,10,0,0,0,0,0,0,0,'2015-10-12 01:42:00','2015-10-12 01:42:00'),(11,11,0,0,0,0,0,0,0,'2015-10-12 01:42:00','2015-10-12 01:42:00'),(12,12,0,0,0,0,0,0,0,'2015-10-12 01:42:00','2015-10-12 01:42:00'),(13,13,0,0,0,0,0,0,0,'2015-10-12 01:42:00','2015-10-12 01:42:00'),(14,14,0,0,0,0,0,0,0,'2015-10-12 01:42:00','2015-10-12 01:42:00'),(15,15,0,0,0,0,0,0,0,'2015-10-12 01:42:00','2015-10-12 01:42:00'),(16,16,0,0,0,0,0,0,0,'2015-10-12 01:42:00','2015-10-12 01:42:00'),(17,17,0,0,0,0,0,0,0,'2015-10-12 01:42:00','2015-10-12 01:42:00'),(18,18,0,0,0,0,0,0,0,'2015-10-12 01:42:00','2015-10-12 01:42:00'),(19,19,0,0,0,0,0,0,0,'2015-10-12 01:42:00','2015-10-12 01:42:00'),(20,20,0,0,0,0,0,0,0,'2015-10-12 01:42:00','2015-10-12 01:42:00'),(21,21,0,0,0,0,0,0,0,'2015-10-12 01:42:00','2015-10-12 01:42:00'),(22,22,0,0,0,0,0,0,0,'2015-10-12 01:42:00','2015-10-12 01:42:00'),(23,23,0,0,0,0,0,0,0,'2015-10-12 01:42:00','2015-10-12 01:42:00'),(24,24,0,0,0,0,0,0,0,'2015-10-12 01:42:00','2015-10-12 01:42:00'),(25,25,0,0,0,0,0,0,0,'2015-10-12 01:42:00','2015-10-12 01:42:00'),(26,26,0,0,0,0,0,0,0,'2015-10-12 01:42:00','2015-10-12 01:42:00'),(27,1,1,68,0,0,0,0,0,'2015-10-12 01:48:36','2015-10-12 01:48:36'),(28,2,1,0,0,0,0,0,0,'2015-10-12 01:48:36','2015-10-12 01:48:36'),(29,3,1,0,0,0,0,0,0,'2015-10-12 01:48:36','2015-10-12 01:48:36'),(30,4,1,50,50,60,70,80,80,'2015-10-12 01:48:36','2015-10-15 03:27:06'),(31,5,1,0,0,0,0,0,0,'2015-10-12 01:48:37','2015-10-12 01:48:37'),(32,6,1,0,0,0,0,0,0,'2015-10-12 01:48:37','2015-10-12 01:48:37'),(33,7,1,0,0,0,0,0,0,'2015-10-12 01:48:37','2015-10-12 01:48:37'),(34,8,1,0,0,0,0,0,0,'2015-10-12 01:48:37','2015-10-12 01:48:37'),(35,9,1,0,0,0,0,0,0,'2015-10-12 01:48:37','2015-10-12 01:48:37'),(36,10,1,0,0,0,0,0,0,'2015-10-12 01:48:37','2015-10-12 01:48:37'),(37,11,1,0,0,0,0,0,0,'2015-10-12 01:48:37','2015-10-12 01:48:37'),(38,12,1,0,0,0,0,0,0,'2015-10-12 01:48:37','2015-10-12 01:48:37'),(39,13,1,0,0,0,0,0,0,'2015-10-12 01:48:37','2015-10-12 01:48:37'),(40,14,1,0,0,0,0,0,0,'2015-10-12 01:48:37','2015-10-12 01:48:37'),(41,15,1,0,0,0,0,0,0,'2015-10-12 01:48:37','2015-10-12 01:48:37'),(42,16,1,0,0,0,0,0,0,'2015-10-12 01:48:37','2015-10-12 01:48:37'),(43,17,1,0,0,0,0,0,0,'2015-10-12 01:48:37','2015-10-12 01:48:37'),(44,18,1,0,0,0,0,0,0,'2015-10-12 01:48:37','2015-10-12 01:48:37'),(45,19,1,0,0,0,0,0,0,'2015-10-12 01:48:37','2015-10-12 01:48:37'),(46,20,1,0,0,0,0,0,0,'2015-10-12 01:48:37','2015-10-12 01:48:37'),(47,21,1,0,0,0,0,0,0,'2015-10-12 01:48:38','2015-10-12 01:48:38'),(48,22,1,0,0,0,0,0,0,'2015-10-12 01:48:38','2015-10-12 01:48:38'),(49,23,1,0,0,0,0,0,0,'2015-10-12 01:48:38','2015-10-12 01:48:38'),(50,24,1,0,0,0,0,0,0,'2015-10-12 01:48:38','2015-10-12 01:48:38'),(51,25,1,0,0,0,0,0,0,'2015-10-12 01:48:38','2015-10-12 01:48:38'),(52,26,1,60,60,60,50,60,50,'2015-10-12 01:48:38','2015-10-15 03:27:06'),(53,1,2,0,0,0,0,0,0,'2015-10-14 18:25:12','2015-10-14 18:25:12'),(54,2,2,0,0,0,0,0,0,'2015-10-14 18:25:12','2015-10-14 18:25:12'),(55,3,2,0,0,0,0,0,0,'2015-10-14 18:25:12','2015-10-14 18:25:12'),(56,4,2,80,50,80,80,80,80,'2015-10-14 18:25:12','2015-10-14 18:27:43'),(57,5,2,0,0,0,0,0,0,'2015-10-14 18:25:12','2015-10-14 18:25:12'),(58,6,2,0,0,0,0,0,0,'2015-10-14 18:25:12','2015-10-14 18:25:12'),(59,7,2,0,0,0,0,0,0,'2015-10-14 18:25:12','2015-10-14 18:25:12'),(60,8,2,0,0,0,0,0,0,'2015-10-14 18:25:12','2015-10-14 18:25:12'),(61,9,2,0,0,0,0,0,0,'2015-10-14 18:25:12','2015-10-14 18:25:12'),(62,10,2,0,0,0,0,0,0,'2015-10-14 18:25:12','2015-10-14 18:25:12'),(63,11,2,0,0,0,0,0,0,'2015-10-14 18:25:12','2015-10-14 18:25:12'),(64,12,2,0,0,0,0,0,0,'2015-10-14 18:25:12','2015-10-14 18:25:12'),(65,13,2,0,0,0,0,0,0,'2015-10-14 18:25:12','2015-10-14 18:25:12'),(66,14,2,0,0,0,0,0,0,'2015-10-14 18:25:12','2015-10-14 18:25:12'),(67,15,2,0,0,0,0,0,0,'2015-10-14 18:25:12','2015-10-14 18:25:12'),(68,16,2,0,0,0,0,0,0,'2015-10-14 18:25:12','2015-10-14 18:25:12'),(69,17,2,0,0,0,0,0,0,'2015-10-14 18:25:12','2015-10-14 18:25:12'),(70,18,2,0,0,0,0,0,0,'2015-10-14 18:25:12','2015-10-14 18:25:12'),(71,19,2,0,0,0,0,0,0,'2015-10-14 18:25:12','2015-10-14 18:25:12'),(72,20,2,0,0,0,0,0,0,'2015-10-14 18:25:12','2015-10-14 18:25:12'),(73,21,2,0,0,0,0,0,0,'2015-10-14 18:25:12','2015-10-14 18:25:12'),(74,22,2,0,0,0,0,0,0,'2015-10-14 18:25:12','2015-10-14 18:25:12'),(75,23,2,0,0,0,0,0,0,'2015-10-14 18:25:12','2015-10-14 18:25:12'),(76,24,2,0,0,0,0,0,0,'2015-10-14 18:25:12','2015-10-14 18:25:12'),(77,25,2,0,0,0,0,0,0,'2015-10-14 18:25:12','2015-10-14 18:25:12'),(78,26,2,0,0,0,0,0,0,'2015-10-14 18:25:12','2015-10-14 18:25:12'),(79,1,3,0,0,0,0,0,0,'2015-10-14 18:39:19','2015-10-14 18:39:19'),(80,2,3,0,0,0,0,0,0,'2015-10-14 18:39:19','2015-10-14 18:39:19'),(81,3,3,0,0,0,0,0,0,'2015-10-14 18:39:19','2015-10-14 18:39:19'),(82,4,3,70,50,50,60,70,70,'2015-10-14 18:39:19','2015-10-14 18:39:19'),(83,5,3,0,0,0,0,0,0,'2015-10-14 18:39:19','2015-10-14 18:39:19'),(84,6,3,0,0,0,0,0,0,'2015-10-14 18:39:19','2015-10-14 18:39:19'),(85,7,3,0,0,0,0,0,0,'2015-10-14 18:39:19','2015-10-14 18:39:19'),(86,8,3,0,0,0,0,0,0,'2015-10-14 18:39:19','2015-10-14 18:39:19'),(87,9,3,0,0,0,0,0,0,'2015-10-14 18:39:19','2015-10-14 18:39:19'),(88,10,3,0,0,0,0,0,0,'2015-10-14 18:39:19','2015-10-14 18:39:19'),(89,11,3,0,0,0,0,0,0,'2015-10-14 18:39:19','2015-10-14 18:39:19'),(90,12,3,0,0,0,0,0,0,'2015-10-14 18:39:19','2015-10-14 18:39:19'),(91,13,3,0,0,0,0,0,0,'2015-10-14 18:39:19','2015-10-14 18:39:19'),(92,14,3,0,0,0,0,0,0,'2015-10-14 18:39:19','2015-10-14 18:39:19'),(93,15,3,0,0,0,0,0,0,'2015-10-14 18:39:19','2015-10-14 18:39:19'),(94,16,3,0,0,0,0,0,0,'2015-10-14 18:39:19','2015-10-14 18:39:19'),(95,17,3,0,0,0,0,0,0,'2015-10-14 18:39:19','2015-10-14 18:39:19'),(96,18,3,0,0,0,0,0,0,'2015-10-14 18:39:19','2015-10-14 18:39:19'),(97,19,3,0,0,0,0,0,0,'2015-10-14 18:39:19','2015-10-14 18:39:19'),(98,20,3,0,0,0,0,0,0,'2015-10-14 18:39:19','2015-10-14 18:39:19'),(99,21,3,0,0,0,0,0,0,'2015-10-14 18:39:19','2015-10-14 18:39:19'),(100,22,3,0,0,0,0,0,0,'2015-10-14 18:39:19','2015-10-14 18:39:19'),(101,23,3,0,0,0,0,0,0,'2015-10-14 18:39:19','2015-10-14 18:39:19'),(102,24,3,0,0,0,0,0,0,'2015-10-14 18:39:19','2015-10-14 18:39:19'),(103,25,3,0,0,0,0,0,0,'2015-10-14 18:39:19','2015-10-14 18:39:19'),(104,26,3,0,0,0,0,0,0,'2015-10-14 18:39:19','2015-10-14 18:39:19'),(105,1,4,0,0,0,0,0,0,'2015-10-14 18:40:51','2015-10-14 18:40:51'),(106,2,4,0,0,0,0,0,0,'2015-10-14 18:40:51','2015-10-14 18:40:51'),(107,3,4,0,0,0,0,0,0,'2015-10-14 18:40:51','2015-10-14 18:40:51'),(108,4,4,70,70,55,55,60,80,'2015-10-14 18:40:51','2015-10-14 18:40:51'),(109,5,4,0,0,0,0,0,0,'2015-10-14 18:40:51','2015-10-14 18:40:51'),(110,6,4,0,0,0,0,0,0,'2015-10-14 18:40:51','2015-10-14 18:40:51'),(111,7,4,0,0,0,0,0,0,'2015-10-14 18:40:51','2015-10-14 18:40:51'),(112,8,4,0,0,0,0,0,0,'2015-10-14 18:40:51','2015-10-14 18:40:51'),(113,9,4,0,0,0,0,0,0,'2015-10-14 18:40:51','2015-10-14 18:40:51'),(114,10,4,0,0,0,0,0,0,'2015-10-14 18:40:51','2015-10-14 18:40:51'),(115,11,4,0,0,0,0,0,0,'2015-10-14 18:40:51','2015-10-14 18:40:51'),(116,12,4,0,0,0,0,0,0,'2015-10-14 18:40:51','2015-10-14 18:40:51'),(117,13,4,0,0,0,0,0,0,'2015-10-14 18:40:51','2015-10-14 18:40:51'),(118,14,4,0,0,0,0,0,0,'2015-10-14 18:40:51','2015-10-14 18:40:51'),(119,15,4,0,0,0,0,0,0,'2015-10-14 18:40:51','2015-10-14 18:40:51'),(120,16,4,0,0,0,0,0,0,'2015-10-14 18:40:51','2015-10-14 18:40:51'),(121,17,4,0,0,0,0,0,0,'2015-10-14 18:40:51','2015-10-14 18:40:51'),(122,18,4,0,0,0,0,0,0,'2015-10-14 18:40:51','2015-10-14 18:40:51'),(123,19,4,0,0,0,0,0,0,'2015-10-14 18:40:51','2015-10-14 18:40:51'),(124,20,4,0,0,0,0,0,0,'2015-10-14 18:40:51','2015-10-14 18:40:51'),(125,21,4,0,0,0,0,0,0,'2015-10-14 18:40:51','2015-10-14 18:40:51'),(126,22,4,0,0,0,0,0,0,'2015-10-14 18:40:51','2015-10-14 18:40:51'),(127,23,4,0,0,0,0,0,0,'2015-10-14 18:40:51','2015-10-14 18:40:51'),(128,24,4,0,0,0,0,0,0,'2015-10-14 18:40:51','2015-10-14 18:40:51'),(129,25,4,0,0,0,0,0,0,'2015-10-14 18:40:51','2015-10-14 18:40:51'),(130,26,4,0,0,0,0,0,0,'2015-10-14 18:40:51','2015-10-14 18:40:51'),(131,4,6,70,60,70,80,60,60,'2015-10-16 10:06:00','2015-10-16 10:06:00'),(132,26,6,90,90,90,90,90,90,'2015-10-16 10:06:00','2015-10-16 10:06:00');
/*!40000 ALTER TABLE `scores` ENABLE KEYS */;
UNLOCK TABLES;

--
-- Table structure for table `stakeholders`
--

DROP TABLE IF EXISTS `stakeholders`;
/*!40101 SET @saved_cs_client     = @@character_set_client */;
/*!40101 SET character_set_client = utf8 */;
CREATE TABLE `stakeholders` (
  `id` int(10) unsigned NOT NULL AUTO_INCREMENT,
  `nama` varchar(255) COLLATE utf8_unicode_ci NOT NULL,
  `ktp` varchar(255) COLLATE utf8_unicode_ci DEFAULT NULL,
  `tempat_lahir` varchar(255) COLLATE utf8_unicode_ci NOT NULL,
  `tanggal_lahir` date NOT NULL,
  `jenis_kelamin` enum('l','p') COLLATE utf8_unicode_ci NOT NULL,
  `status` enum('aktif','non-aktif') COLLATE utf8_unicode_ci NOT NULL,
  `division_id` int(10) unsigned DEFAULT NULL,
  `photo` varchar(255) COLLATE utf8_unicode_ci DEFAULT NULL,
  `nrp` varchar(255) COLLATE utf8_unicode_ci NOT NULL,
  `status_kepegawaian` varchar(255) COLLATE utf8_unicode_ci NOT NULL,
  `jabatan` varchar(256) COLLATE utf8_unicode_ci DEFAULT NULL,
  `mulai_kerja` date NOT NULL,
  `golongan_id` int(10) NOT NULL,
  `status_marital` enum('belum','menikah','cerai') COLLATE utf8_unicode_ci NOT NULL,
  `nama_istri_suami` varchar(255) COLLATE utf8_unicode_ci DEFAULT NULL,
  `alamat_rumah` text COLLATE utf8_unicode_ci NOT NULL,
  `alamat_sekarang` text COLLATE utf8_unicode_ci NOT NULL,
  `kontak` varchar(255) COLLATE utf8_unicode_ci DEFAULT NULL,
  `deleted_at` timestamp NULL DEFAULT NULL,
  `created_at` timestamp NOT NULL DEFAULT '0000-00-00 00:00:00',
  `updated_at` timestamp NOT NULL DEFAULT '0000-00-00 00:00:00',
  `tk` varchar(255) COLLATE utf8_unicode_ci DEFAULT NULL,
  `sd` varchar(255) COLLATE utf8_unicode_ci DEFAULT NULL,
  `smp` varchar(255) COLLATE utf8_unicode_ci DEFAULT NULL,
  `sma` varchar(255) COLLATE utf8_unicode_ci DEFAULT NULL,
  `diploma` varchar(255) COLLATE utf8_unicode_ci DEFAULT NULL,
  `universitas_s1` varchar(255) COLLATE utf8_unicode_ci DEFAULT NULL,
  `fakultas_s1` varchar(255) COLLATE utf8_unicode_ci DEFAULT NULL,
  `jurusan_s1` varchar(255) COLLATE utf8_unicode_ci DEFAULT NULL,
  `program_pendidikan_s1` varchar(255) COLLATE utf8_unicode_ci DEFAULT NULL,
  `universitas_s2` varchar(255) COLLATE utf8_unicode_ci DEFAULT NULL,
  `fakultas_s2` varchar(255) COLLATE utf8_unicode_ci DEFAULT NULL,
  `jurusan_s2` varchar(255) COLLATE utf8_unicode_ci DEFAULT NULL,
  `program_pendidikan_s2` varchar(255) COLLATE utf8_unicode_ci DEFAULT NULL,
  `nama_lembaga_1` varchar(255) COLLATE utf8_unicode_ci DEFAULT NULL,
  `jenis_pendidikan_1` varchar(255) COLLATE utf8_unicode_ci DEFAULT NULL,
  `nama_lembaga_2` varchar(255) COLLATE utf8_unicode_ci DEFAULT NULL,
  `jenis_pendidikan_2` varchar(255) COLLATE utf8_unicode_ci DEFAULT NULL,
  `nama_lembaga_3` varchar(255) COLLATE utf8_unicode_ci DEFAULT NULL,
  `jenis_pendidikan_3` varchar(255) COLLATE utf8_unicode_ci DEFAULT NULL,
  `lembaga_pengalaman_kerja_1` varchar(255) COLLATE utf8_unicode_ci DEFAULT NULL,
  `alamat_pengalaman_kerja_1` text COLLATE utf8_unicode_ci,
  `jabatan_pengalaman_kerja_1` varchar(255) COLLATE utf8_unicode_ci DEFAULT NULL,
  `awal_kerja_1` varchar(255) COLLATE utf8_unicode_ci DEFAULT NULL,
  `akhir_kerja_1` varchar(255) COLLATE utf8_unicode_ci DEFAULT NULL,
  `lembaga_pengalaman_kerja_2` varchar(255) COLLATE utf8_unicode_ci DEFAULT NULL,
  `alamat_pengalaman_kerja_2` text COLLATE utf8_unicode_ci,
  `jabatan_pengalaman_kerja_2` varchar(255) COLLATE utf8_unicode_ci DEFAULT NULL,
  `awal_kerja_2` varchar(255) COLLATE utf8_unicode_ci DEFAULT NULL,
  `akhir_kerja_2` varchar(255) COLLATE utf8_unicode_ci DEFAULT NULL,
  `lembaga_organisasi_1` varchar(255) COLLATE utf8_unicode_ci DEFAULT NULL,
  `jabatan_organisasi_1` varchar(255) COLLATE utf8_unicode_ci DEFAULT NULL,
  `lembaga_organisasi_2` varchar(255) COLLATE utf8_unicode_ci DEFAULT NULL,
  `jabatan_organisasi_2` varchar(255) COLLATE utf8_unicode_ci DEFAULT NULL,
  `lembaga_organisasi_3` varchar(255) COLLATE utf8_unicode_ci DEFAULT NULL,
  `jabatan_organisasi_3` varchar(255) COLLATE utf8_unicode_ci DEFAULT NULL,
  `lembaga_organisasi_4` varchar(255) COLLATE utf8_unicode_ci DEFAULT NULL,
  `jabatan_organisasi_4` varchar(255) COLLATE utf8_unicode_ci DEFAULT NULL,
  `keahlian_1` varchar(255) COLLATE utf8_unicode_ci DEFAULT NULL,
  `keahlian_2` varchar(255) COLLATE utf8_unicode_ci DEFAULT NULL,
  `keahlian_3` varchar(255) COLLATE utf8_unicode_ci DEFAULT NULL,
  `pekerjaan_keluarga` varchar(255) COLLATE utf8_unicode_ci DEFAULT NULL,
  `child_1` varchar(255) COLLATE utf8_unicode_ci DEFAULT NULL,
  `lahir_child_1` varchar(16) COLLATE utf8_unicode_ci DEFAULT NULL,
  `child_2` varchar(255) COLLATE utf8_unicode_ci DEFAULT NULL,
  `lahir_child_2` varchar(16) COLLATE utf8_unicode_ci DEFAULT NULL,
  `child_3` varchar(255) COLLATE utf8_unicode_ci DEFAULT NULL,
  `lahir_child_3` varchar(16) COLLATE utf8_unicode_ci DEFAULT NULL,
  `child_4` varchar(255) COLLATE utf8_unicode_ci DEFAULT NULL,
  `lahir_child_4` varchar(16) COLLATE utf8_unicode_ci DEFAULT NULL,
  `child_5` varchar(255) COLLATE utf8_unicode_ci DEFAULT NULL,
  `lahir_child_5` varchar(16) COLLATE utf8_unicode_ci DEFAULT NULL,
  `child_6` varchar(255) COLLATE utf8_unicode_ci DEFAULT NULL,
  `lahir_child_6` varchar(16) COLLATE utf8_unicode_ci DEFAULT NULL,
  `child_7` varchar(255) COLLATE utf8_unicode_ci DEFAULT NULL,
  `lahir_child_7` varchar(16) COLLATE utf8_unicode_ci DEFAULT NULL,
  `child_8` varchar(255) COLLATE utf8_unicode_ci DEFAULT NULL,
  `lahir_child_8` varchar(16) COLLATE utf8_unicode_ci DEFAULT NULL,
  `universitas_diploma` varchar(255) COLLATE utf8_unicode_ci DEFAULT NULL,
  `fakultas_diploma` varchar(255) COLLATE utf8_unicode_ci DEFAULT NULL,
  `jurusan_diploma` varchar(255) COLLATE utf8_unicode_ci DEFAULT NULL,
  `program_pendidikan_diploma` varchar(255) COLLATE utf8_unicode_ci DEFAULT NULL,
  `tahun_lulus_tk` varchar(6) COLLATE utf8_unicode_ci DEFAULT NULL,
  `tahun_lulus_sd` varchar(6) COLLATE utf8_unicode_ci DEFAULT NULL,
  `tahun_lulus_smp` varchar(6) COLLATE utf8_unicode_ci DEFAULT NULL,
  `tahun_lulus_sma` varchar(6) COLLATE utf8_unicode_ci DEFAULT NULL,
  `tahun_lulus_diploma` varchar(6) COLLATE utf8_unicode_ci DEFAULT NULL,
  `tahun_lulus_s1` varchar(6) COLLATE utf8_unicode_ci DEFAULT NULL,
  `tahun_lulus_s2` varchar(6) COLLATE utf8_unicode_ci DEFAULT NULL,
  PRIMARY KEY (`id`)
) ENGINE=MyISAM AUTO_INCREMENT=231 DEFAULT CHARSET=utf8 COLLATE=utf8_unicode_ci;
/*!40101 SET character_set_client = @saved_cs_client */;

--
-- Dumping data for table `stakeholders`
--

LOCK TABLES `stakeholders` WRITE;
/*!40000 ALTER TABLE `stakeholders` DISABLE KEYS */;
INSERT INTO `stakeholders` VALUES (2,'sukiman','','kuningan','0000-00-00','l','',1,NULL,'','',NULL,'0000-00-00',0,'','','','','','2015-10-12 00:18:59','2015-10-11 23:46:10','2015-10-12 00:18:59','','','','',NULL,'','','','','','','','','','','','','','','','','','','','','','','','','','','','','','',NULL,NULL,'','','','','',NULL,'',NULL,'',NULL,'',NULL,'',NULL,'',NULL,'',NULL,'',NULL,'','','','',NULL,NULL,NULL,NULL,NULL,NULL,NULL),(3,'sukiman','','kuningan','0000-00-00','l','',1,NULL,'','',NULL,'0000-00-00',0,'','','','','','2015-10-12 00:13:27','2015-10-11 23:49:49','2015-10-12 00:13:27','','','','',NULL,'','','','','','','','','','','','','','','','','','','','','','','','','','','','','','',NULL,NULL,'','','','','',NULL,'',NULL,'',NULL,'',NULL,'',NULL,'',NULL,'',NULL,'',NULL,'','','','',NULL,NULL,NULL,NULL,NULL,NULL,NULL),(4,'sukiman','','kuningan','0000-00-00','l','',1,NULL,'','',NULL,'0000-00-00',0,'','','','','','2015-10-12 00:17:13','2015-10-11 23:50:18','2015-10-12 00:17:13','','','','',NULL,'','','','','','','','','','','','','','','','','','','','','','','','','','','','','','',NULL,NULL,'','','','','',NULL,'',NULL,'',NULL,'',NULL,'',NULL,'',NULL,'',NULL,'',NULL,'','','','',NULL,NULL,NULL,NULL,NULL,NULL,NULL),(5,'sukiman','','kuningan','0000-00-00','l','',1,NULL,'','',NULL,'0000-00-00',0,'','','','','','2015-10-12 00:17:11','2015-10-11 23:50:20','2015-10-12 00:17:11','','','','',NULL,'','','','','','','','','','','','','','','','','','','','','','','','','','','','','','',NULL,NULL,'','','','','',NULL,'',NULL,'',NULL,'',NULL,'',NULL,'',NULL,'',NULL,'',NULL,'','','','',NULL,NULL,NULL,NULL,NULL,NULL,NULL),(6,'sukiman','','kuningan','0000-00-00','l','',1,NULL,'','',NULL,'0000-00-00',0,'','','','','','2015-10-12 00:17:09','2015-10-11 23:50:21','2015-10-12 00:17:09','','','','',NULL,'','','','','','','','','','','','','','','','','','','','','','','','','','','','','','',NULL,NULL,'','','','','',NULL,'',NULL,'',NULL,'',NULL,'',NULL,'',NULL,'',NULL,'',NULL,'','','','',NULL,NULL,NULL,NULL,NULL,NULL,NULL),(7,'sukiman','','kuningan','0000-00-00','l','',1,NULL,'','',NULL,'0000-00-00',0,'','','','','','2015-10-12 00:17:06','2015-10-11 23:50:22','2015-10-12 00:17:06','','','','',NULL,'','','','','','','','','','','','','','','','','','','','','','','','','','','','','','',NULL,NULL,'','','','','',NULL,'',NULL,'',NULL,'',NULL,'',NULL,'',NULL,'',NULL,'',NULL,'','','','',NULL,NULL,NULL,NULL,NULL,NULL,NULL),(8,'sukiman','','kuningan','0000-00-00','l','',1,NULL,'','',NULL,'0000-00-00',0,'','','','','','2015-10-12 00:17:04','2015-10-11 23:50:52','2015-10-12 00:17:04','','','','',NULL,'','','','','','','','','','','','','','','','','','','','','','','','','','','','','','',NULL,NULL,'','','','','',NULL,'',NULL,'',NULL,'',NULL,'',NULL,'',NULL,'',NULL,'',NULL,'','','','',NULL,NULL,NULL,NULL,NULL,NULL,NULL),(9,'sukiman','','kuningan','0000-00-00','l','',1,NULL,'','',NULL,'0000-00-00',0,'','','','','','2015-10-12 00:17:01','2015-10-11 23:51:37','2015-10-12 00:17:01','','','','',NULL,'','','','','','','','','','','','','','','','','','','','','','','','','','','','','','',NULL,NULL,'','','','','',NULL,'',NULL,'',NULL,'',NULL,'',NULL,'',NULL,'',NULL,'',NULL,'','','','',NULL,NULL,NULL,NULL,NULL,NULL,NULL),(10,'sukiman','','kuningan','0000-00-00','l','',1,NULL,'','',NULL,'0000-00-00',0,'','','','','','2015-10-12 00:16:58','2015-10-11 23:51:39','2015-10-12 00:16:58','','','','',NULL,'','','','','','','','','','','','','','','','','','','','','','','','','','','','','','',NULL,NULL,'','','','','',NULL,'',NULL,'',NULL,'',NULL,'',NULL,'',NULL,'',NULL,'',NULL,'','','','',NULL,NULL,NULL,NULL,NULL,NULL,NULL),(11,'sukiman','','kuningan','0000-00-00','l','',1,NULL,'','',NULL,'0000-00-00',0,'','','','','','2015-10-12 00:16:56','2015-10-11 23:51:40','2015-10-12 00:16:56','','','','',NULL,'','','','','','','','','','','','','','','','','','','','','','','','','','','','','','',NULL,NULL,'','','','','',NULL,'',NULL,'',NULL,'',NULL,'',NULL,'',NULL,'',NULL,'',NULL,'','','','',NULL,NULL,NULL,NULL,NULL,NULL,NULL),(12,'dadang','','','0000-00-00','l','',0,'dev_random.png','','',NULL,'0000-00-00',0,'','','','','','2015-10-12 00:16:21','2015-10-12 00:09:12','2015-10-12 00:16:21','','','','',NULL,'','','','','','','','','','','','','','','','','','','','','','','','','','','','','','',NULL,NULL,'','','','','',NULL,'',NULL,'',NULL,'',NULL,'',NULL,'',NULL,'',NULL,'',NULL,'','','','',NULL,NULL,NULL,NULL,NULL,NULL,NULL),(14,'sanghiang','455848495','kkuningan','1988-04-05','l','aktif',1,'beautiful-mysterious-forests-10__880.jpg','090909','boarding','0','2012-10-20',0,'menikah','iiii','as','dd','8585','2015-10-21 03:51:07','2015-10-12 00:24:42','2015-10-21 03:51:07','r','r','r','r',NULL,'i','y','y','i','','','','','l','h','k','y','r','o','d','m','k','l','s','t','j','a','t','h','k','k','k','','k','k',NULL,NULL,'s','s','s','WIRAUSAHA','e',NULL,'e',NULL,'e',NULL,'e',NULL,'h',NULL,'h',NULL,'e',NULL,'e',NULL,'d','d','d','d',NULL,NULL,NULL,NULL,NULL,NULL,NULL),(15,'expi','9999','kuningan','0000-00-00','l','',1,NULL,'89898','fullday',NULL,'0000-00-00',0,'belum',NULL,'asdasd','asdasdas',NULL,'2015-10-14 17:12:46','2015-10-14 17:12:32','2015-10-14 17:12:46',NULL,NULL,NULL,NULL,NULL,NULL,NULL,NULL,NULL,NULL,NULL,NULL,NULL,NULL,NULL,NULL,NULL,NULL,NULL,NULL,NULL,NULL,NULL,NULL,NULL,NULL,NULL,NULL,NULL,NULL,NULL,NULL,NULL,NULL,NULL,NULL,NULL,NULL,NULL,NULL,NULL,NULL,NULL,NULL,NULL,NULL,NULL,NULL,NULL,NULL,NULL,NULL,NULL,NULL,NULL,NULL,NULL,NULL,NULL,NULL,NULL,NULL,NULL,NULL,NULL,NULL,NULL,NULL),(16,'tito','369999','Kuningan','1989-05-05','l','aktif',1,'diy-spring-umbrella-waal-decor.jpg','24468969','fullday',NULL,'2014-06-06',0,'menikah','indi','Jalaksana','Cilimus','87986876','2015-10-21 03:51:39','2015-10-16 08:25:24','2015-10-21 03:51:39','TK PERTIWI','SDN 1 Jalaksana','SMPN 1 KUNINGAN','SMAN 1 JALAKSANA',NULL,'UNIVERSITAS KUNINGAN','FAKULTAS EKONOMI','MANAJEMEN','MANAJEMEN','','','','','LP3I','KURSUS KOMPUTER','GANESHA','KURSUS B.INGGRIS','','','SD 1 JALAKSANA','JALAKSANA','OPERATOR','13 MARET 2011','10 OKTOBER 2013','','','','','','HIMA MANAJEMEN FE Universitas Kuningan Periode 2009/2010','Sekretaris','BEM Universitas Kuningan Periode 2010/2011','Ketua','','',NULL,NULL,'Berbahasa Inggris Aktif','Mengoperasikan Ms. Office dan Internet','Desain Grafis','ibu rumah tangga','andi',NULL,'budi',NULL,'tina',NULL,'siti',NULL,'amran',NULL,'',NULL,'',NULL,'',NULL,'','','','',NULL,NULL,NULL,NULL,NULL,NULL,NULL),(17,'budi','9999','kuningan','1990-01-01','l','aktif',1,NULL,'89898','fullday','0','2015-10-10',3,'belum','vf','hr','ge','78568','2015-10-21 03:52:09','2015-10-16 08:53:53','2015-10-21 03:52:09','fh','rhe','erh','erhe','rhe','th64','6uyt','jh,','kuy','kuy','ryy','6u','jki','thytj','j678uy','regerg','gwgth','grg4rh','','rhtj','','4th4h','gfgfdh','mh','hg','g','g','g','','t','r','e','e','e','w','w','w','w','w','wt','ty','y',NULL,'u',NULL,'u',NULL,'ff',NULL,'t',NULL,'t',NULL,'t',NULL,'gh',NULL,'tht','tht','tht','tht',NULL,NULL,NULL,NULL,NULL,NULL,NULL),(18,'ROTIM, S.Pd.I','3208231706860004','KUNINGAN','1986-06-17','l','aktif',15,'DSC_9467.JPG','110271','boarding',NULL,'2011-09-10',0,'menikah','NUR ENDANG UMRO\'IN','DUSUN II RT/RW 006/002 DS. CENGAL KEC. JAPARA KAB. KUNINGAN','KOMPLEK PONPES TERPADU AL-MULTAZAM','085224712268',NULL,'2015-10-21 04:40:56','2015-11-22 23:57:52','','SDN 3 CENGAL','MTS AR-RASWAD CENGAL','MAN CIGUGUR KUNINGAN',NULL,'IAIN SYEKH NURJATI CIREBON','TARBIYAH','PENDIDIKAN BAHASA ARAB','PENDIDIKAN BAHASA ARAB','','','','','PONPES MODERN AL-IHYA','PONDOK PESANTREN','','','','','MTS AR RASWAD CENGAL','DS. CENGAL ','GURU','01 JULI 2004','30 JUNI 2012','','','','','','IKATAN MAHASISWA KUNINGAN','SEKRETARIS','HMPS PBA','SEKRETARIS','KARANGTARUNA','SEKRETARIS',NULL,NULL,'MICROSOFT OFFICE','INTERNET','','GURU','MUHAMMAD RAMDHAN SYAUQY','  -  -    ','','  -  -    ','','  -  -    ','','  -  -    ','','  -  -    ','','  -  -    ','','  -  -    ','','  -  -    ','','','','',NULL,NULL,NULL,NULL,NULL,NULL,NULL),(19,'ROTIM, S.Pd.I','320823170686','KUNINGAN','1986-06-17','l','aktif',0,'','','',NULL,'0000-00-00',0,'belum',NULL,'','',NULL,'2015-10-21 04:46:38','2015-10-21 04:42:38','2015-10-21 04:46:38',NULL,NULL,NULL,NULL,NULL,NULL,NULL,NULL,NULL,NULL,NULL,NULL,NULL,NULL,NULL,NULL,NULL,NULL,NULL,NULL,NULL,NULL,NULL,NULL,NULL,NULL,NULL,NULL,NULL,NULL,NULL,NULL,NULL,NULL,NULL,NULL,NULL,NULL,NULL,NULL,NULL,NULL,NULL,NULL,NULL,NULL,NULL,NULL,NULL,NULL,NULL,NULL,NULL,NULL,NULL,NULL,NULL,NULL,NULL,NULL,NULL,NULL,NULL,NULL,NULL,NULL,NULL,NULL),(20,'andi','5645','hr','0000-00-00','l','aktif',7,NULL,'43','boarding',NULL,'0000-00-00',8,'menikah','','fgeg','hgy','hjk','2015-11-04 05:01:02','2015-11-04 02:43:12','2015-11-04 05:01:02','','','','',NULL,'','','','','','','','','','','','','','','','','','','','','','','','','','','','','','',NULL,NULL,'','','','','',NULL,'',NULL,'',NULL,'',NULL,'',NULL,'',NULL,'',NULL,'',NULL,'','','','',NULL,NULL,NULL,NULL,NULL,NULL,NULL),(21,'toto','898623587638','nhkjgjhs','1998-08-12','l','aktif',7,NULL,'653634654','boarding',NULL,'2012-10-12',0,'menikah','jbjvbb','nkdjbfjbff','hbhjdbjhsdh','080976754','2015-11-04 05:01:45','2015-11-04 02:44:34','2015-11-04 05:01:45','bvnbnbv','nbcvnbvnbmcvb','bcvjbjbvjb','bjhcbvjbcxj',NULL,'bcvjbjvbcjb','bhcbvjhbvjhb','bcjbvjvbjbc','vcbvnvcnb','','','','',',cbxvnbbmb','nbcnvbnbmcxnbv','','','','','bxnvncxvbn','vcxnbnbxzvcnb','','','','','','','','','','','','','','',NULL,NULL,'','','','jcbvnmcbnmvbnm','hbcvjhhjvcjn',NULL,'nbcvnmbbncmx',NULL,'',NULL,'',NULL,'',NULL,'',NULL,'',NULL,'',NULL,'bhcjhvbjnxcbjb','bhcjhvbjnxcbjb','bhcjhvbjnxcbjb','bhcjhvbjnxcbjb',NULL,NULL,NULL,NULL,NULL,NULL,NULL),(22,'andi','576474','hjk','0000-00-00','l','aktif',7,NULL,'75','boarding',NULL,'0000-00-00',6,'belum','','jgk','jgk','8','2015-11-04 08:45:34','2015-11-04 05:02:58','2015-11-04 08:45:34','','','','',NULL,'','','','','','','','','','','','','','','','','','','','','','','','','','','','','','',NULL,NULL,'','','','','',NULL,'',NULL,'',NULL,'',NULL,'',NULL,'',NULL,'',NULL,'',NULL,'','','','',NULL,NULL,NULL,NULL,NULL,NULL,NULL),(23,'toto','86476','jgkh','0000-00-00','l','',7,NULL,'','',NULL,'0000-00-00',7,'belum','','jgk','jgkj','785','2015-11-04 08:45:22','2015-11-04 05:04:31','2015-11-04 08:45:22','','','','',NULL,'','','','','','','','','','','','','','','','','','','','','','','','','','','','','','',NULL,NULL,'','','','','',NULL,'',NULL,'',NULL,'',NULL,'',NULL,'',NULL,'',NULL,'',NULL,'','','','',NULL,NULL,NULL,NULL,NULL,NULL,NULL),(24,'PIPIN CASRIPIN, S.Pd','3208262305890002','KUNINGAN','1989-05-23','l','aktif',7,'Pipin Casripin Update.jpg','-','fullday',NULL,'2015-07-01',0,'menikah','Qona\'ah El Hasan','RT.02 RW.01 Desa Cikondang Kec. Hantara, Kab. Kuningan','Lingk. Ciharendong RT.07 RW.03 Kel. Cigintung, Kec. Kuningan, Kab. Kuningan, Jawa Barat','085280000545',NULL,'2015-11-05 03:47:20','2015-11-23 04:43:19','','SDN CIKONDANG','MTS NEGERI HANTARA','MAN CIGUGUR - KUNINGAN',NULL,'UNIVERSITAS KUNINGAN','FKIP','BAHASA INGGRIS','PENDIDIKAN BAHASA INGGRIS','','','','','IPMI','KURSUS KOMPUTER','LP3i','KURSUS KOMPUTER','','','','','','','','','','','','','','','','','','',NULL,NULL,'VOLLEYBALL','ENGLISH','OPERATING COMPUTER (OFFICE, CDR)','Staf TU FKIP PE Universitas Kuningan','qonita azzahra','17-01-2017','','  -  -    ','','  -  -    ','','  -  -    ','','  -  -    ','','  -  -    ','','  -  -    ','','  -  -    ','','','','',NULL,NULL,NULL,NULL,NULL,NULL,NULL),(25,'TEST','46','RY','0000-00-00','p','aktif',7,NULL,'4757','fullday',NULL,'0000-00-00',5,'belum','','DFH','FJDS','SDFJ','2015-11-14 03:35:36','2015-11-11 03:45:13','2015-11-14 03:35:36','','','','',NULL,'','','','','','','','','','','','','','','','','','','','','','','','','','','','','','',NULL,NULL,'','','','','',NULL,'',NULL,'',NULL,'',NULL,'',NULL,'',NULL,'',NULL,'',NULL,'','','','',NULL,NULL,NULL,NULL,NULL,NULL,NULL),(26,'ded','67465','tudyr','0000-00-00','l','aktif',7,NULL,'7646','fullday',NULL,'0000-00-00',0,'menikah','','tyedyr','uyru','542','2015-11-18 00:07:49','2015-11-17 08:41:44','2015-11-18 00:07:49','','','','',NULL,'','','','','','','','','','','','','','','','','','','','','','','','','','','','','','',NULL,NULL,'','','','','',NULL,'',NULL,'',NULL,'',NULL,'',NULL,'',NULL,'',NULL,'',NULL,'','','','','','','','','','',''),(27,'AAN ANWARUDIN, S.Pd.I','3208122603840005','KUNINGAN','1984-03-25','l','aktif',7,NULL,'070100','boarding',NULL,'2015-07-01',0,'menikah','EKA PRIYANI','Desa Manis Kidul Kecamatan Jalaksana Kabupaten Kuningan','Desa Linggajati Kec. Cilimus Kab. Kuningan (Ponpes Al Multazam 2)','085797252823',NULL,'2015-11-18 00:19:16','2015-11-18 04:40:20','','SDN Purwasari 1','SMPN Garawangi 1','MA Husnul Khotimah',NULL,'IAI Al Aqidah','Tarbiyah','Pendidikan Agama Islam','Pendidikan Agama Islam','','','','','','','','','','','YPI PPT Al Multazam Mainskidul Jalaksana','Desa Maniskidul Kec. Jalaksana Kab. Kuningan','Kepala Bagian STQ','','','','','','','','','','','','','',NULL,NULL,'','','','GURU','Muh. Kays Muzakky',NULL,'Asyam Ghandur Albarie',NULL,'',NULL,'',NULL,'',NULL,'',NULL,'',NULL,'',NULL,'','','','','','-','-','-','','-',''),(28,'EKA PRIYANI, S.Pd.I','3210116502840101','CIREBON','1984-02-25','p','aktif',7,NULL,'070102','boarding',NULL,'2015-07-01',0,'menikah','AAN ANWARUDIN','Desa Maniskidul Kecamatan Jalaksana Kabupaten Kuningan','Desa Linggajati Kec. Cilimus Kab. Kuningan (Ponpes Al Multazam 2)','085221109125',NULL,'2015-11-18 00:27:46','2015-11-18 04:40:53','','SDN IV Burujulwetan','MTs Al Ikhlas Ciomas','MA PPM Al Ikhlas',NULL,'UIN SUnan Gunung Jati','Tarbiyah','Pendidikan Bahasa Arab','Pendidikan Bahasa Arab','','','','','','','','','','','YPI PPT Al Multazam','Desa Maniskidul Kec. Jalaksana Kab. Kuningan','','','','','','','','','','','','','','',NULL,NULL,'','','','GURU','Muh. Kays Muzakky',NULL,'Asyam Ghandur Albarie',NULL,'',NULL,'',NULL,'',NULL,'',NULL,'',NULL,'',NULL,'','','','','','-','-','-','','',''),(29,'ARIEF DARMAWAN, M.Pd','3208242204880004','KUNINGAN','1988-04-22','l','aktif',7,NULL,'150345','fullday',NULL,'2015-07-01',0,'menikah','Lessiany Merlinda','RT.10 RW. 03 Desa Cikaduwetan Kec. Luragung Kab. Kuningan','RT. 01 RW. 01 Desa Kaduagung Kec. Sindangagung Kab. Kuningan','089609393345/ 085793236664',NULL,'2015-11-18 00:52:08','2015-11-18 04:41:34','Bougenville XI','SDN 1 Cikaduwetan','SMPN 1 Luragung','SMAN 2 Kuningan',NULL,'Universitas Kuningan','FKIP','Pendidikan Bahasa Indonesia','Pendidikan Bahasa dan Sastra Indonesia','Universitas Swadaya Gunung Jati','Pascasarjana','Pendidikan Bahasa Indonesia','Magister Pendidikan','','','','','','','','','','','','','','','','','Himpunan Mahasiswa','Ketua','','','','',NULL,NULL,'Futsal','Teater','Menulis (Fiksi & Non Fiksi)','Mahasiswa','Kaifran Alusio Avicenna',NULL,'',NULL,'',NULL,'',NULL,'',NULL,'',NULL,'',NULL,'',NULL,'','','','','1994','2000','2003','2006','','2012','2015'),(30,'ARIS RIZKA SETIAWAN, S.Pd','3329142906850001','BREBES','1985-06-29','l','aktif',7,NULL,'150347','boarding',NULL,'2015-07-01',0,'belum','','Desa Tegalglabah RT. 01 RW. 04 Kec. Bulakamba Kab. Brebes','Desa Linggajati Kec. Cilimus Kab. Kuningan (Ponpes Al Multazam 2)','082217486937',NULL,'2015-11-18 01:11:50','2015-11-18 04:42:09','','MI Tegalglabah','SMPN 3 Larangan Brebes','SMAN 1 Larangan Brebes',NULL,'Universitas Negeri Semarang','FIP','BK','','','','','','Komputer Aquarius','Kursus Komputer','Tahsin','Tahsin','','','Hung-A','','Operator Produksi','','','SMAIT Ihsanul Fikri','Magelang Yogyakarta','Guru BK','','','','','','','','',NULL,NULL,'Komputer','Tahsin','','','',NULL,'',NULL,'',NULL,'',NULL,'',NULL,'',NULL,'',NULL,'',NULL,'','','','','','','','','','',''),(31,'ASEP NURUDIN, S.Pd','3209122500920005','CIREBON','1992-09-25','l','aktif',7,NULL,'150343','boarding',NULL,'2015-07-01',0,'belum','','Dusun Sigayuran RT. 05 RW. 02 Desa Penpen Kec. Mundu Kab. Cirebon','Desa Linggajati Kec. Cilimus Kab. Kuningan (Ponpes Al Multazam)','085794906684',NULL,'2015-11-18 01:20:35','2015-11-18 04:45:34','','SDN 2 Penpen','SMPN 16 CIREBON','MAN 3 CIREBON',NULL,'Universitas Pendidikan Indonesia','FPMIPA','Pendidikan Fisika','Pendidikan Fisika','','','','','Ponpes Jagasatu','Pesantren','','','','','MTs Al Haq','Margahayu Selatan, Margahayu Bandung','Guru','','','','','','','','Pendidikan Anak Al manah','Koordinator Diniyah','Himpunan Mahasiswa Fisika','Sekretaris Umum','','',NULL,NULL,'','','','','',NULL,'',NULL,'',NULL,'',NULL,'',NULL,'',NULL,'',NULL,'',NULL,'','','','','','','','','','',''),(32,'H. SAHAL SUHANA, SH','-','KUNINGAN','1954-06-11','l','aktif',18,NULL,'-','boarding',NULL,'2002-05-01',0,'menikah','Hj. Nining Rimawati','Komplek Pon Pes Terpadu Al-Multazam','Komplek Pon Pes Terpadu Al-Multazam','',NULL,'2015-11-18 02:59:39','2015-11-18 02:59:39','','','','',NULL,'','','','','','','','','','','','','','','','','','','','','','','','','','','','','','',NULL,NULL,'','','','Ibu Rumah Tangga','Hj. TITI DWI WULANDARI, SE',NULL,'Hj. TITA EKA FUSFITA, S.Psi',NULL,'H. UUD PANDU SUANDHANA, S.Si',NULL,'',NULL,'',NULL,'',NULL,'',NULL,'',NULL,'','','','','','','','','','',''),(33,'Hj. NINING RIMAWATI','-','KUNINGAN','1964-12-18','p','aktif',16,NULL,'-','boarding',NULL,'2002-05-01',0,'menikah','H. SAHAL SUHANA','Komplek Pon Pes Terpadu Al-Multazam','Komplek Pon Pes Terpadu Al-Multazam','','2015-11-18 03:07:53','2015-11-18 03:06:06','2015-11-18 03:07:53','','','','',NULL,'','','','','','','','','','','','','','','','','','','','','','','','','','','','','','',NULL,NULL,'','','','Pemilik Yayasan','',NULL,'',NULL,'',NULL,'',NULL,'',NULL,'',NULL,'',NULL,'',NULL,'','','','','','','','','','',''),(34,'Hj. NINING RIMAWATI','-','KUNINGAN','1964-12-18','p','aktif',20,NULL,'-','boarding',NULL,'2002-05-01',0,'menikah','H. SAHAL SUHANA','Komplek Pon Pes Terpadu Al-Multazam','Komplek Pon Pes Terpadu Al-Multazam','08122201914',NULL,'2015-11-18 03:06:13','2015-11-18 03:08:26','','','','',NULL,'','','','','','','','','','','','','','','','','','','','','','','','','','','','','','',NULL,NULL,'','','','Pemilik Yayasan','',NULL,'',NULL,'',NULL,'',NULL,'',NULL,'',NULL,'',NULL,'',NULL,'','','','','','','','','','',''),(35,'IWAN HERDIANSYAH','3208050401800001','TASIKMALAYA','1980-01-04','l','aktif',9,NULL,'-','boarding',NULL,'2015-07-01',0,'menikah','ITA ERNAWATI','Desa Linggajati Kec. Cilimus Kab. Kuningan (Ponpes Al Multazam 2)','Desa Linggajati Kec. Cilimus Kab. Kuningan (Ponpes Al Multazam 2)','082319144311',NULL,'2015-11-18 03:16:14','2015-11-18 04:11:31','','SD Lengkong sari','SMPN 1 Tasikmalaya','Husnul Khotimah',NULL,'','','','','','','','','','','','','','','','','','','','','','','','','','','','','','',NULL,NULL,'','','','LOUNDRY','Zahra Syahidah',NULL,'M. Fawwaz Al Haq',NULL,'Syakira Soliha',NULL,'Nadzira Zakiyah',NULL,'',NULL,'',NULL,'',NULL,'',NULL,'','','','','','','','','','',''),(36,'H. UUD PANDU SUANDHANA, S.Si','-','JAKARTA','1986-10-03','l','aktif',16,NULL,'-','fullday',NULL,'2002-05-01',0,'menikah','Ani Hanifah Muslichin','Desa Linggajati','Desa Linggajati','081296184445',NULL,'2015-11-18 03:19:29','2015-11-18 03:19:29','','','','',NULL,'','','','','','','','','','','','','','','','','','','','','','','','','','','','','','',NULL,NULL,'','','','Ibu Rumah Tangga','Hamizan',NULL,'Abqary Nursyahmi Hafidzan',NULL,'',NULL,'',NULL,'',NULL,'',NULL,'',NULL,'',NULL,'','','','','','','','','','',''),(37,'H. MAMAN KURMAN, SH','-','KUNINGAN','1968-08-04','l','aktif',16,NULL,'-','fullday',NULL,'2002-05-01',0,'menikah','Lia Indayanah','Rt/Rw 06/02 Dsn. Dua Ds. Manis Kidul Kec. Jalaksana Kab. Kuningan','Rt/Rw 06/02 Dsn. Dua Ds. Manis Kidul Kec. Jalaksana Kab. Kuningan','0813 1234 3479/ 0812 2201920',NULL,'2015-11-18 03:27:44','2015-11-18 03:28:59','','','','',NULL,'','','','','','','','','','','','','','','','','','','','','','','','','','','','','','',NULL,NULL,'','','','Ibu Rumah Tangga','',NULL,'',NULL,'',NULL,'',NULL,'',NULL,'',NULL,'',NULL,'',NULL,'','','','','','','','','','',''),(38,'H. ASEP SAPUTRA','-','Kuningan','0000-00-00','l','aktif',16,NULL,'-','fullday',NULL,'2002-05-01',0,'menikah','Hj. Mamah Sumartini','Rt/Rw 15/03 Dsn. Tiga Ds. Maniskidul Kec. Jalaksana Kab. Kuningan','Rt/Rw 15/03 Dsn. Tiga Ds. Maniskidul Kec. Jalaksana Kab. Kuningan','0812 2224 041',NULL,'2015-11-18 03:33:08','2015-11-18 03:33:08','','','','',NULL,'','','','','','','','','','','','','','','','','','','','','','','','','','','','','','',NULL,NULL,'','','','Ibu Rumah Tangga','',NULL,'',NULL,'',NULL,'',NULL,'',NULL,'',NULL,'',NULL,'',NULL,'','','','','','','','','','',''),(39,'SADDAM HUSSEIN, S.Pd','3209190609920010','CIREBON','1992-09-06','l','aktif',7,NULL,'150341','boarding',NULL,'2015-07-01',0,'belum','','Blok Karang Baru RT. 09 RW. 03 Desa Weru Lor Kec. Weru Kab. Cirebon','Jl. Syekh Datul Kahfi No. 03 RT. 06 RW. 02 Blok Karang Anyar Ds. Weru Lor Kec. Weru Kab. Cirebon','085315623997/ 089690284392',NULL,'2015-11-18 03:36:40','2015-11-18 04:46:15','','SDN II Weru Lor','SMPN 1 Weru','SMAN 1 Sumber',NULL,'Universitas Swadaya Gunung Jati','FKIP','Pendidikan Matematika dan IPA','Pendidikan Matematika','','','','','Matematics','Pelatihan','ETC','Trainning','','','Bimbel Gaga Club','jl. Widarasari','Guru Matematika','','','Quick Smart Course','Jl. Kesambi Dalam','Tutor MTK','','','Rohis SMAN 1 Sumber ','HUMAS','UKM P&K Unswagati','Staff Jurnalistik','UKM Tutorial Keislaman Unswagati','Pengurus Bina Kaderisasi',NULL,NULL,'Menulis','Membuat media pembelajaran online/ Web','','','',NULL,'',NULL,'',NULL,'',NULL,'',NULL,'',NULL,'',NULL,'',NULL,'','','','','','','','','','',''),(40,'H. ADDIN NURHAEDIN, Lc','-','CIREBON','1979-01-01','l','aktif',21,NULL,'050047','boarding',NULL,'2005-07-01',0,'menikah','Hj. TITA EKA FUSFITA','Komplek Pon Pes Terpadu Al Multazam','Komplek Pon Pes Terpadu Al Multazam','08112436555',NULL,'2015-11-18 03:40:42','2015-11-18 03:57:02','','','','',NULL,'Univ. Al Azhar ','Bahasa ','umum','Bahasa Arab','','','','','','','','','','','','','','','','','','','','','','','','','','',NULL,NULL,'','','','GURU','Muhammad Yusuf Ridho',NULL,'',NULL,'',NULL,'',NULL,'',NULL,'',NULL,'',NULL,'',NULL,'','','','','','','','','','2005',''),(41,'TITI DWI WULANDARI, SE','3208126402820001','KUNINGAN','1982-02-24','p','aktif',7,NULL,'-','boarding',NULL,'2015-07-01',0,'menikah','Ayi Abdul Rosyid','RT. 005 RW. 01 Desa Maniskidul Kec. Jalaksana Kab. Kuningan, Jawa Barat','Kampus  Al Multazam 2 Desa Linggajati Kec. Cilimus Kab. Kuningan','082130081341',NULL,'2015-11-18 03:54:11','2015-11-18 04:29:29','Kencana Jakarta','SDN 01 Pagi Pondok Kelapa','SMP Islam Al Azhar Ke','MA Husnul Khotimah Kuningan',NULL,'STIE ISTI EKATANA UPAWEDA','EKONOMI','MANAGEMENT','MANAGEMENT ECONOMY','','','','','FEE CENTER','ENGLISH COURSE FOR TECHER','ENGLISH FIRST','ENGLISH COURSE','LIA','ENGLISH COURSE','','','','','','','','','','','FORSESSY','SEKRETARIS','','','','',NULL,NULL,'','','','Pegawai Swasta','FUADY NOR \'AZMI',NULL,'AHLA FARHATI',NULL,'ATHIYYA SALMA KAMILA',NULL,'',NULL,'',NULL,'',NULL,'',NULL,'',NULL,'','','','','','','','','','',''),(42,'ANITA SAPTAWATI, S.Pd','3208324401810001','KUNINGAN','1981-01-04','p','aktif',7,NULL,'150342','fullday',NULL,'2015-07-01',0,'menikah','Taufan Adiwijaya','Desa Panawuan Dusun III RT. 07 RW. 03 Ciganda Mekar Kuningan','Perumahan Caracas Mountain View (CMV) Blok D No. 23 Caracas Kec. Cilimus, Kab. Kuningan','085724006700',NULL,'2015-11-18 04:01:42','2015-11-18 04:49:00','Gapura Bojong','SDN 1 Panawuan','SMPN 1 Cilimus','SMAN 2 Cirebon',NULL,'Universitas Negeri Yogyakarta','Fakultas Ilmu Sosial','Pendidikan Akuntansi','Pendidikan Akuntansi','','','','','','','','','','','','','','','','','','','','','','','','','','',NULL,NULL,'','','','Karyawan Swasta','JASMINE AISYAH WIJAYANTI',NULL,'KHANDIAS FAYZUL-HAQ WIJAYA',NULL,'',NULL,'',NULL,'',NULL,'',NULL,'',NULL,'',NULL,'','','','','','','','','','',''),(43,'H. MAMAN SUPARMAN, SE.','-','KUNINGAN','1972-08-10','l','aktif',0,NULL,'100232','fullday',NULL,'2010-07-01',0,'menikah','Bilqis Diba','Rt/Rw 08/02 Ds. Manis kidul Kec. Jalaksana Kab. Kuningan','Rt/Rw 08/02 Ds. Manis kidul Kec. Jalaksana Kab. Kuningan','081310290649',NULL,'2015-11-18 04:04:08','2015-11-18 04:08:05','','','','',NULL,'STIE Darma Widya Jakarta','','','','','','','','','','','','','','','','','','','','','','','','','','','','','',NULL,NULL,'','','','Ibu Rumah Tangga','Sabila Syifa',NULL,'Tajmila Reda',NULL,'Muhammad Gibran Nurjati',NULL,'Fulan',NULL,'',NULL,'',NULL,'',NULL,'',NULL,'','','','','','','','','','1999',''),(44,'DENI FITRIYADI, S.Kom','3274031204910013','CIREBON','1991-04-12','l','aktif',7,NULL,'150335','boarding',NULL,'2015-07-01',0,'belum','','Jl. Gulunggung RT. 07 RW. 16 Kampung Balong Perumnas Cirebon','Kampus Al Multazam 2 Desa Linggajati Kec. Cilimus Kab. Kuningan','081313428453',NULL,'2015-11-18 04:09:12','2015-11-18 04:50:29','Al Ikhlas Cirebon','SD Karang Anom II Cirebon','SMPN 9 Cirebon','SMK Veteran Cirebon',NULL,'STMIK IKMI Cirebon','Ilmu Komputer','Teknik Informatika','Teknik Informatika','','','','','KKPI','Keterampilan Komputer','JENI','Pendidikan Komputer','Oracle','Kursus','Rental Komputer \"3 kom\"','Jl. Kesambi Dalem','Operator','','','Bea Cukai Cirebon','Jalan Yos Sudarso','IT Staff','','','','','','','','',NULL,NULL,'','','','','',NULL,'',NULL,'',NULL,'',NULL,'',NULL,'',NULL,'',NULL,'',NULL,'','','','','','','','','','',''),(45,'OBBY SYUKRI MAHDIYIN, S.Pd.I','3208082203890002','KUNINGAN','1989-03-22','l','aktif',7,NULL,'150348','boarding',NULL,'2015-07-01',0,'belum','','Desa Kertayasa Kec. Sindangagung Kab. Kuningan, Jawa Barat','Kampus Al Multazam 2 Desa Linggajati Kec. Cilimus Kab. Kuningan','085224917095',NULL,'2015-11-18 04:16:32','2015-11-21 03:19:32','','SDN 1 Kertayasa','MTs N Sindangsari','PM Darussalam Gontor',NULL,'Institut Studi Islam Darussalam','Tarbiyah','Pendidikan Bahasa Arab','Pendidikan Bahasa Arab','','','','','','','','','','','','','','','','','','','','','OPPM Gontor','Koperasi Pelajar','','','','',NULL,NULL,'Bahasa Arab ','Bahasa Inggris','Seni Musik','','','  -  -    ','','  -  -    ','','  -  -    ','','  -  -    ','','  -  -    ','','  -  -    ','','  -  -    ','','  -  -    ','','','','','','','','','','',''),(46,'H. KOSASIH THOYIB, Lc., MH','-','KARAWANG','0000-00-00','l','aktif',16,NULL,'','fullday',NULL,'2002-05-01',0,'menikah','Iin Sariningsih','Komplek PonPes Husnul Khotimah','Komplek PonPes Husnul Khotimah','085923124407',NULL,'2015-11-18 04:18:48','2015-11-18 04:18:48','','','','',NULL,'UMJ','','','','','','','','','','','','','','','','','','','','','','','','','','','','','',NULL,NULL,'','','','GURU','',NULL,'',NULL,'',NULL,'',NULL,'',NULL,'',NULL,'',NULL,'',NULL,'','','','','','','','','','',''),(47,'JUHENI, S.Ag, M.Pd','3208161508700001','Kuningan','1970-08-15','l','aktif',14,'Photo JUHENI.jpg','080136','boarding',NULL,'2007-07-01',0,'menikah','Nani Rosyani','Dusun Kliwon Rt 18 Rw 05 Desa Cilaja Kec. Kramatmulya Kuningan','Dusun Kliwon Rt 18 Rw 05 Desa Cilaja Kec. Kramatmulya Kuningan','081324415221',NULL,'2015-11-18 04:39:33','2015-11-18 04:44:02','','SDN I Cilaja Kuningan','Mts PUI Cikaso Kuningan','MAN II Palembang',NULL,'IAIN Raden Fatah Palembang','Ushuluddin','Tafsir hadits','Tafsir Hadits','Universitas Islam Asy-syafi\'iyah Jakarta','Pendidikan','Teknologi Pendidikan','Teknologi Pendidikan','','','','','','','Guru ','Sakatiga OKI Palembang','Kepala Madrasah','1992','2007','Guru','SMAIT Al-Multazam','Kepala SMA','2009','2011','PGSI','Ketua','','','','',NULL,NULL,'','','','Guru','Haura\' Nailul Hidayah',NULL,'Dhiya\' Aminah',NULL,'Sania Nur Fadhillah',NULL,'Muhammad Najih Huda',NULL,'Nabhan Ayyad Alfath',NULL,'',NULL,'',NULL,'',NULL,'','','','','-','1982','1985','1993','','1998','2013'),(48,'ENDANG PRIHATNA, S.Pd.','3208072008800015','KUNINGAN','1980-08-20','l','aktif',15,'Pa Endang.jpg','060062','fullday',NULL,'2006-07-01',0,'menikah','OKEU HANA FITRI MIATI','DUSUN KLIWON RT 021 RW 007 DESA/KEC.LEBAKWANGI KAB.KUNINGAN JAWA BARAT 45574','PERUM PANORAMA BANDORASA BLOK D.30 DESA BANDORASA WETAN KEC.CILIMUS 45556','085224130807/085797447767',NULL,'2015-11-18 04:40:58','2015-11-18 04:40:58','','SDN 1 LEBAKWANGI','SMPN 1 LEBAKWANGI','SMAN 1 KUNINGAN',NULL,'UPI BANDUNG','FPIPS','PENDIDIKAN EKONOMI','PENDIDIKAN EKONOMI KOPERASI','','','','','','','','','','','MI MIFTAHUL HUDA ','CICADAS KOTA BANDUNG','GURU','2005','2006','PONTREN DAARUT TAUHID BANDUNG','GEGER KALONG BANDUNG','FASILITATOR PELATIHAN','2003','2005','DKM MESJID AL-JANNAH PERUM PANORAMA BANDORASA','KETUA','FSM HMJ PEND.EKONOMI UPI BANDUNG','KETUA BIDANG DANA USAHA','','',NULL,NULL,'','','','KARYAWAN/GURU SWASTA','NUR MUFID KHOIRI',NULL,'ZAINA MAUHIBATILLAH',NULL,'NASYWA MAILA',NULL,'',NULL,'',NULL,'',NULL,'',NULL,'',NULL,'','','','','','1993','1996','1999','','2004',''),(49,'EDI GUNARTO, S.Pd','3306162401850008','Purworejo','1985-01-24','l','aktif',8,'fotoku.jpg','090206','fullday',NULL,'2009-07-01',0,'menikah','Dian Maolida Utami','Dusun Pon A, 014/004, Desa Caracas, Kec Cilimus, KUningan','Dusun Pon A, 014/004, Desa Caracas, Kec Cilimus, KUningan','085228988074 / 085659778074',NULL,'2015-11-18 04:43:59','2015-11-18 05:01:22','TK Rayahu, Desa Kaliurip','SD N1 Kaliurip','SMP N 1 Bener','SMA N 7 Purworejo',NULL,'Universitas Negeri Yogyakarta (UNY)','Ilmu Sosial dan Ekonomi','Geografi','Pendidikan Geografi','','','','','Ponpok Pesatren Takwinul Muballighi','Pesantren Mahasiswa','MQ FM Jogjakarta','Training Penyiar Radio','Tarbiah Tsaqofiah Sleman, Yogyakarta','Tsaqofah (tidak sampai lulus)','MQ FM Jogjakarta','Jln. Ring','trainee','2007','2007','','','','','','Unit Kegiatan Kerohanian Islam','Sekretaris Umum','Tutorial PAI UNY','Staff','HIMA Geografi UNY','Kepala Kominfo',NULL,NULL,'Mengajar','Komputer (Grafis & database)','Nasyid (composer, Arranger)','Guru','Fathina Awwalunnajha',NULL,'',NULL,'',NULL,'',NULL,'',NULL,'',NULL,'',NULL,'',NULL,'','','','','1991','1997','2000','2003','','2009',''),(50,'TSUMA NURIL ANWAR','3208111706810002','KUNINGAN','1981-06-17','l','aktif',7,'Wali_Asrama_AM (6).JPG','0','boarding',NULL,'2015-07-01',0,'menikah','NUNUNG SITI NURONIYAH','Dusun Wage RT. 003 RW. 003 Desa Cidahu Kec. Cidahu Kab. Kuningan','Dusun Wage RT. 003 RW. 003 Desa Cidahu Kec. Cidahu Kab. Kuningan','085322928080',NULL,'2015-11-18 04:45:04','2015-11-23 02:56:07','','MIS Ciawilor','MTs Ciawilor','SMA Cigugur',NULL,'STAISA Jakarta','Tarbiyah dan Keguruan','Pendidikan Agama Islam','Pendidikan Agama Islam','','','','','','','','','','','','','','','','','','','','','','','','','','',NULL,NULL,'','','','IRT','Nayla Hayatun Nafisah','  -  -    ','Nabhan Dzulhaj Muna','  -  -    ','','  -  -    ','','  -  -    ','','  -  -    ','','  -  -    ','','  -  -    ','','  -  -    ','','','','','','','','','','',''),(51,'UDAY SUDARI, S.Pd.I','3208082701870001','KUNINGAN','1987-01-27','l','aktif',7,NULL,'-','boarding',NULL,'2015-07-01',0,'belum','','Desa Citiusari Kec. Garawangi Kab. Kuningan','Desa Citiusaari Kec. Garawangi Kab. Kuningan','081222012738',NULL,'2015-11-18 04:55:34','2015-11-19 01:57:29','','SDN Citiusari','MTs Garawangi','MAN Cigugur',NULL,'UIN SGD Bandung','Tarbiyah dan Keguruan','Pendidikan Bahasa Arab','Pendidikan Bahasa Arab','','','','','','','','','','','Yayasan Pondok Iqro','Bandung','Pengajar','','','Yayasan ITUS','Peusiing - Jalaksana','Walas & Pengajar SMA','','','','','','','','',NULL,NULL,'Kaligrafi','','','','',NULL,'',NULL,'',NULL,'',NULL,'',NULL,'',NULL,'',NULL,'',NULL,'','','','','','','','','','',''),(52,'BENI SUSANTO, S.Kom','3208202202810004','KUNINGAN','1981-02-22','l','aktif',8,'12 BENI.jpg','070109','fullday',NULL,'2007-08-01',0,'menikah','IKA SANTIKA','PASAPEN 3 KUNINGAN','GANG MAWAR 03 PASAPEN 3 KUNINGAN','085223514451',NULL,'2015-11-18 04:57:58','2015-11-19 01:53:14','','SDN 1 CIKADU','SMPN 1 KADUGEDE','SMAN 1 KADUGEDE',NULL,'UNIVERSITAS KUNINGAN','KOMPUTER','SISTEM INFORMASI','SISTEM INFORMASI','','','','','','','','','','','','','','','','','','','','','','','','','','',NULL,NULL,'','','','GURU','ZIA ABIRAHAYA',NULL,'',NULL,'',NULL,'',NULL,'',NULL,'',NULL,'',NULL,'',NULL,'','','','','','1993','1996','1999','','2006',''),(53,'DENDRI WIYASSA ','3208090704890003','KUNINGAN','1989-04-07','l','aktif',7,NULL,'-','boarding',NULL,'2015-07-01',0,'belum','','Lingk. Wage RT.013 RW. 004 Purwawinangun Kec. Kuningan Kab. Kuningan','Lingk. Wage RT.013 RW. 004 Purwawinangun Kec. Kuningan Kab. Kuningan','085295511747',NULL,'2015-11-18 05:02:51','2015-11-18 05:02:51','','SD 1 Purwawinangun','SMPN 4 Kuningan','SMA Kosgoro Kuningan',NULL,'Universitas Kuningan','FKIP','Bahasa Inggris','Pendidikan Bahasa Inggris','','','','','','','','','','','SD Permata Bangsa','Cikarang Bekasi','Guru & Wali Kelas','','','','','','','','LDK AL KAHFI','Divisi Syiar','','','','',NULL,NULL,'Bahasa Inggris','Komputer','','','',NULL,'',NULL,'',NULL,'',NULL,'',NULL,'',NULL,'',NULL,'',NULL,'','','','','','','','','','',''),(54,'Gino Erman Agusta, S.Pd.Si','3304050108860011','Banjarnegara','1986-08-01','l','aktif',8,'5 GINO.jpg','090207','boarding',NULL,'2009-07-01',0,'menikah','Ningrum Astriawati','Blambangan, RT 02 RW 01, Kecamatan Bawang Kab. Banjarnegara Jawa Tengah 53471','Kompleks PPT Al-Multazam','08996651201',NULL,'2015-11-18 05:06:09','2015-11-18 05:06:09','RA Cokroaminoto Blambangan','SDN Blambangan 02','SMPN 1 Bawang','SMAN 1 Banjarnegara',NULL,'Universitas Negeri Yogyakarta','MIPA','Pendidikan Kimia','Pendidikan Kimia','','','','','','','','','','','Staff LIMUNY','Yogyakarta','Operator Layanan Internet','2005','2007','','','','','','HASKA JMF','Ketua','TPA AL Munawwar','Direktur','','',NULL,NULL,'Komputer','','','PNS','Zubayr Fathin Al Hidayah',NULL,'Syathir Mazeed El Iman',NULL,'',NULL,'',NULL,'',NULL,'',NULL,'',NULL,'',NULL,'','','','','1992','1998','2001','2004','','2008',''),(55,'FAJAR KHOERUL ANWAR','3208101408960006','KUNINGAN','1996-08-14','l','aktif',7,NULL,'-','boarding',NULL,'2015-07-01',0,'belum','','Babakan Ciawi Lor Kec. Ciawigebang Kab. Kuningan','Babakan Ciawi Lor Kec. Ciawigebang Kab. Kuningan','082319138097',NULL,'2015-11-18 05:09:13','2015-11-18 05:09:13','','MI','MTs','SMA',NULL,'','','','','','','','','','','','','','','Nurul Haq','Jambi','Guru','','','Pondok Assakman','Majalengka','Guru','','','','','','','','',NULL,NULL,'','','','','',NULL,'',NULL,'',NULL,'',NULL,'',NULL,'',NULL,'',NULL,'',NULL,'','','','','','','','','','',''),(56,'MARWIYAH, S.Si','3208176006780005','Jakarta','1978-06-20','p','aktif',8,NULL,'050038','fullday',NULL,'2005-07-01',0,'menikah','Rudi O\'ang ramdani S.Pd.I','Dusun pakuwon, RT 006/RW001, desa Darma,Kecamatan Darma, Kabupaten Kuningan, Jawa Barat, 45562t ','Dusun puhun RT 006/RW 03,Desa Sembawa, Kecamatan jalaksana, Kabupaten Kuningan, Jawa Barat, 45554','08122414176/087729381000',NULL,'2015-11-18 05:23:21','2015-11-19 01:52:07','','MADRASAH IBTIDAIYAH TARBIYATUL ATHFAL JAKARTA','MTS AL-HUDA JAKARTA','SMA NEGERI 33 JAKARTA',NULL,'UNIVERSITAS PADJADJARAN BANDUNG','MATEMATIKA DAN ILMU PENGETAHUAN ALAM','KIMIA','KIMIA','','','','','PRACTICAL ENGLISH CONVERSATION','KURSUS BAHASA INGGRIS','','','','','UNIVERSITAS PADJADJARAN','BANDUNG JAWA BARAT','ASISTEN DOSEN','2003','2004','','','','','','KAMMI KOMISARIAT UNPAD','ANGGOTA','PKS','KADERISASI DPC','','',NULL,NULL,'','','','Anggota Legislatif DPRD Kabupaten Kuningan','ISTISYHADI EL BATAWY',NULL,'MUTHIA DARMA SYAHIDAH',NULL,'',NULL,'',NULL,'',NULL,'',NULL,'',NULL,'',NULL,'','','','','','1993','1995','1997','','2003',''),(57,'AIP MUJAHIDIN, A.Md','3208050511890003','KUNINGAN','1989-11-05','l','aktif',7,NULL,'-','boarding',NULL,'2015-07-01',0,'belum','','Desa Sindang Jawa RT. 04 RW. 02 Kec. Cibingbin Kab. Kuningan','Desa Sindang Jawa RT. 04 RW. 02 Kec. Cibingbin Kab. Kuningan','085793230857',NULL,'2015-11-18 05:58:00','2015-11-19 01:54:35','TK Mayangsari, Sindangjawa','SDN II Sindang Jawa','MTsN Cibingbin','SMAN I Cibingbin',NULL,'','','','','','','','','','','','','','','PT. Mulia Boga Raya','Cikarang, Bekasi','QC (Quality Control)','','','Mini Market Centra Serasi','Desa Cibingbin  Kec. Cibingbin','Kepala Toko','','','','','','','','',NULL,NULL,'','','','','',NULL,'',NULL,'',NULL,'',NULL,'',NULL,'',NULL,'',NULL,'',NULL,'STK Telematika Jakarta','STK Telematika Jakarta','STK Telematika Jakarta','STK Telematika Jakarta','','2002','2005','2008','2013','',''),(58,'AEF SAEFUDIN, A.Md','3208111906900003','KUNINGAN','1990-06-19','l','aktif',7,NULL,'-','boarding',NULL,'2015-07-01',0,'belum','','Dusun Pahing RT. 004 RW. 003 Desa Bunder Kec. Cidahu Kab. Kuningan','Dusun Pahing RT. 004 RW. 003 Desa Bunder Kec. Cidahu Kab. Kuningan','089660137605',NULL,'2015-11-18 06:10:15','2015-11-19 01:55:51','','SDN Bunder','SMPN 1 Cidahu','SMAN Cidahu',NULL,'','','','','','','','','','','','','','','PT. Andalan Prestasi','Kelapa Gading - Jakarta Utara','Product Officer','','','RS. Wijaya Kusumah','Kuningan, Jawa Barat','Pelaksana Keuangan','','','Resimen Mahawarman','Provost','','','','',NULL,NULL,'','','','','',NULL,'',NULL,'',NULL,'',NULL,'',NULL,'',NULL,'',NULL,'',NULL,'Universitas Kuningan','Universitas Kuningan','Universitas Kuningan','Universitas Kuningan','','','','','','',''),(59,'TIAN FUJIANA NURFADLILAH, SE','3208121008910004','KUNINGAN','1991-08-10','l','aktif',19,NULL,'-','fullday',NULL,'2015-07-01',0,'belum','','RT. 10 RW. 02 Desa Maniskidul Kec. Jalaksana Kab. Kuningan','RT. 10 RW. 02 Desa Maniskidul Kec. Jalaksana Kab. Kuningan','087847174105',NULL,'2015-11-18 06:19:10','2015-11-19 02:00:05','TKIT Al Multazam','SDN 2 Al Multazam','MTs Husnul Khotimah','MA Husnul Khotimah',NULL,'Universitas Pasundan','Fakultas Ekonomi','Manajemen Pemasaran','Manejemen','','','','','','','','','','','','','','','','','','','','','OSHK','Anggota','KOPMA','Anggota','','',NULL,NULL,'','','','','',NULL,'',NULL,'',NULL,'',NULL,'',NULL,'',NULL,'',NULL,'',NULL,'','','','','1998','2004','2007','2010','','2015',''),(60,'OKEU HANA FITRI MIATI','3208074310800011','BANDUNG','1980-10-03','p','aktif',6,NULL,'060063','fullday',NULL,'2006-07-01',0,'menikah','ENDANG PRIHATNA, S.Pd.','DUSUN KLIWON RT 021 RW 007 DESA/KEC.LEBAKWANGI KAB.KUNINGAN JABAR 45574','PERUM PANORAMA BANDORASA DESA BANDORASA WETAN KEC.CILIMUS KAB.KUNINGAN 45556','085320070515','2015-11-18 07:10:40','2015-11-18 06:49:51','2015-11-18 07:10:40','','','','',NULL,'','','','','','','','','','','','','','','','','','','','','','','','','','','','','','',NULL,NULL,'','','','KARYAWAN SWASTA','',NULL,'',NULL,'',NULL,'',NULL,'',NULL,'',NULL,'',NULL,'',NULL,'','','','','','','','','','',''),(61,'AHMAD MULYANA S, Pd','3203270412880001','Cianjur','1988-12-04','l','aktif',8,'ahmad.jpg','150256','fullday',NULL,'0000-00-00',0,'menikah','Puji Listiani S, Pd','Kp Cibeleng 02/02 Ds Sukaratu 1 kec gekbrong','Desa Cirukem Kec garawangi Kab Kuningan','087722318706',NULL,'2015-11-18 07:11:19','2015-11-19 01:50:24','','SDN Sukaratu 1','SMPN 1 Terbuka Warungkondang','MAN Cianjur',NULL,'Universitas Pendidikan Indonesia','FPMIPA','Pendidikan Fisika','Pendidikan Fisika','','','','','A&R','Kursus Bahasa Inggris','','','','','SMP YAS Bandung','Jl Panghulu H Hasan Mustopa No 115 tel (022) 7218108. Bandung','Guru SMP','3 Juli 2014','20 Juni 2015','','','','','','OSIS SMA','BENDAHARA','Pendidikan Anak Al-Amanah (PANAH)','Kesiswaan, Kepala Sekolah','Himpunan Mahasiswa Fisika (HMF)','Pengurus Divisi Kerohanian',NULL,NULL,'','','','Ibu Rumah Tangga','',NULL,'',NULL,'',NULL,'',NULL,'',NULL,'',NULL,'',NULL,'',NULL,'','','','','','2000','2007','2010','','2015',''),(62,'NANA MULYANA, S.Ag., M.Pd.','3208121906740001','KUNINGAN','1974-06-19','l','aktif',14,'CAM02008.jpg','040027','boarding',NULL,'2004-08-15',0,'menikah','FAUZIYAH','Dusun Satu RT. 05/01 Desa Maniskidul Kec. Jalaksana Kab. Kuningan','Dusun Satu RT. 05/01 Desa Maniskidul Kec. Jalaksana Kab. Kuningan','085224621540',NULL,'2015-11-18 07:39:41','2015-11-18 07:57:52','','SDN 1 JALAKSANA','MTs 24 MANISLOR','MAN DARUSSALAM CIAMIS',NULL,'UNIVERSITAS ISLAM INDONESIA','SYARI\'AH','PERADILAN AGAMA','','UNIVERSITAS AS-SYAFI\'IYAH','','','MAGISTER TEKNOLOGI PENDIDIKAN','','','','','','','','','','','','','','','','','','','','','','',NULL,NULL,'','','','GURU','MUHAMMAD NAAFI\' MUNAWWAR',NULL,'FAUZAN KHANIF MUKHOLLID',NULL,'FINA KHAIRUNNISA SALSABILA',NULL,'',NULL,'',NULL,'',NULL,'',NULL,'',NULL,'','','','','','1987','1990','1993','','1998','2013'),(63,'MOH. NI\'AM, S.Ud','3209032807920001','CIREBON','1992-07-28','l','aktif',7,NULL,'-','boarding',NULL,'2015-07-01',0,'belum','','Desa Kalisari RT. 008 RW. 003 Kec. Losari Kab. Cirebon','Desa Kalisari RT. 008 RW. 003 Kec. Losari Kab. Cirebon','08979102269',NULL,'2015-11-18 07:45:35','2015-11-19 01:58:57','','SDN II Kalisari','SMPN 1 Losari','MA Manbaul Hikmah',NULL,'IAIN Syekh Nurjati Cirebon','Ushuludin, Adab, dan Dakwah','Tafsir Hadits','Tafsir Hadits','','','','','Pon. Pes. Al-Asy\'ariyah','Pondok Pesantren','Assa\'idiyah','Pondok Pesantren','','','Diniyah Takmiliyah Awaliyah','Ds. Ender Kec. Pangenan Kab. Cirebon','Guru','','','YPI Al-Asy\'ariyah','Desa Kalisari Kec. Losari Kab. Cirebon','Guru','','','Paskibra dan Osis SMPN 1 Losari','','PonPes Gedongan','Pembina Qosidah','','',NULL,NULL,'','','','','',NULL,'',NULL,'',NULL,'',NULL,'',NULL,'',NULL,'',NULL,'',NULL,'','','','','','','','','','',''),(64,'BADRUDIN, Lc','3208122501760002','Lampung Tengah','1976-01-25','l','aktif',7,'Pas Foto Ust Badr - untuk di NUPTK.jpg','030009','boarding',NULL,'2003-07-01',0,'menikah','Yuni Winarsih, S.PdI','Desa Bungur, Kec. way Bungur Lampung Timur','Komplek Ponpes Al-Multazam','08122211835',NULL,'2015-11-18 07:56:59','2015-11-18 07:56:59','TK Aisyiah Lampung Timur','MI Muh Lampung Timur','MTs Muh Lampung Timur','MA Muh Metro',NULL,'LIPIA','Syariah','Perbandingan Madzhab','','IAIN','','PSikologi Pendidikan','','','','','','','','SDIT Al-Multazam','Maniskidul','Kepsek','2005','2009','','','','','','IRM','Anggota','IMM','Anggota','PGRI Kecamatan Jaksana','Seksi Pengembangan swasta',NULL,NULL,'','','','Guru SDIT AM','Mufti Al Mubarok',NULL,'Muflih Al-Mundzir',NULL,'Mutiara Millati Jannah',NULL,'',NULL,'',NULL,'',NULL,'',NULL,'',NULL,'','','','','1986','1987','1993','1995','','2003','-'),(65,'IIP SOPANDI, S.Pd','3208092308870005','Kuningan','1987-08-23','l','aktif',8,'Ipso.JPG','110240','boarding',NULL,'2011-01-05',0,'menikah','Erna Rahman','Jl. Raya Desa Darma Kec. Darma Kab. Kuningan','Komplek Ponpes Terpadu Al-Multazam','085224297381',NULL,'2015-11-19 02:29:52','2015-11-19 04:41:02','','SDN III Karangtawang','SMPN VII Kuningan','SMAN I Cigugur',NULL,'Universitas Kuningan','FKIP','IPS','PE','','','','','','','','','','','','','','','','','','','','','PPL SMAN I Kuningan','Ketua Rombongan PPL','KKN Desa Baok Luragung','Ketua Rombongan KKN','UKM Lembaga dakwah Kampus UNIKU','Ketua',NULL,NULL,'Mengajar','Administrasi','Komputerisasi','Wali Asrama','Sevira Zakiyyatur Rahman',NULL,'',NULL,'',NULL,'',NULL,'',NULL,'',NULL,'',NULL,'',NULL,'','','','','','1999','2002','2005','','2010',''),(66,'MIMIN RASMINI','117015104900002','KUNINGAN','1990-04-11','p','aktif',8,'Snapshot_20151111_4.JPG','140702','fullday',NULL,'2014-07-02',0,'menikah','Adi SUhaedi,S.Hum.','Rt 055/rw 03 blok sukamaju Desa Paniis Kec Maja Kab Majalengka','Rt 05/Rw 03 Blok Sukamaju Desa Paniis Kec Maja Kab Majalengka','081288424635',NULL,'2015-11-19 03:05:40','2015-11-19 03:05:41','','SDN CIKELENG 2','smpn 2 koreak','Manu putri cirebon',NULL,'STI PSIKOLOGI Harapan Bangsa','Psikologi','Psikologi','Psikologi perkembangan','','','','','','','','','','','TKIT Permata AR-RIDHO','JL.RAYA CIPUTAT,SAWAH BARU.JAKSEL','GURU TK','2009','2010','TK Bait Qur\'any saleh Rahmany','jl.Blang Padang,kec Baiturrahman.Banda ACEH','Trainer dan Guru Tk','2010','2013','OSIS MANU putri buntet pesantren cirebon','Bendahara','','','','',NULL,NULL,'KONSELING KELOMPOK','Memasak resep untuk bayi','Mengelola keuangan dgn baik','Honorer di BPLH majalengka','DELIA ATRINNADA NAILUFAR',NULL,'',NULL,'',NULL,'',NULL,'',NULL,'',NULL,'',NULL,'',NULL,'','','','','','2002','2006','2009','','2013',''),(67,'JEJEN JAENAL ABIDIN','3208101408930008','CIAWIGEBANG','1993-08-14','l','aktif',9,'Wali_Asrama_AM (1).JPG','0','',NULL,'0000-00-00',0,'belum','','Desa Ciawi Lor RT. 13 RW. 06 Kec. Ciawigebang Kab. Kuningan','Desa Ciawi Lor RT. 13 RW. 06 Kec. Ciawigebang Kab. Kuningan','089678837266',NULL,'2015-11-19 03:58:41','2015-11-23 02:57:39','','MI Al Ikhlas Ciawilor','SMP PGRI Ciawigebang','SMKN 5 Kuningan',NULL,'','','','','','','','','Ponpes Raudlatul Huda','Pesantren','','','','','','','','','','','','','','','','','','','','',NULL,NULL,'','','','','','  -  -    ','','  -  -    ','','  -  -    ','','  -  -    ','','  -  -    ','','  -  -    ','','  -  -    ','','  -  -    ','','','','','','','','','','',''),(68,'SUNARLI JAYANINGRAT','3205311010870004','Kuningan','1987-10-10','l','aktif',8,'_MG_6526.JPG','130308','fullday',NULL,'2013-06-01',0,'menikah','Rachmawati Ayu Pratiwi','RT 01/01 Desa Babakanreuma Kec. Sindangagung Kuningan Jawa Barat','RT 01/01 Desa Babakanreuma Kec. Sindangagung Kuningan Jawa Barat','0817611438',NULL,'2015-11-19 04:14:32','2015-11-21 04:46:57','','SDN 1 Babakanreuma','SMP Negeri 1 Kuningan','SMK Negeri 3 Kuningan',NULL,'Universitas Kuningan','FKIP','Pendidikan Ekonomi','FIPS','','','','','','','','','','','','','','','','','','','','','','','','','','',NULL,NULL,'','','','IRT','Batsnah Labiqa Raisyaningrat','01-03-2014','','  -  -    ','','  -  -    ','','  -  -    ','','  -  -    ','','  -  -    ','','  -  -    ','','  -  -    ','CIC','Ilmu Komputer','Manajemen Informatika','Manajemen Informatika','','2000','2003','2006','2007','2012',''),(69,'MOHAMAD LUKMAN','3201011508730013','TEGAL','1973-08-15','l','aktif',22,NULL,'-','fullday',NULL,'2015-07-01',0,'menikah','SAE AMANAH','Blok PON RT. 02 RW. 06 Desa Ciawigajah Kec. Beber Kab. Cirebon','Blok PON RT. 02 RW. 06 Desa Ciawigajah Kec. Beber Kab. Cirebon','085813385016',NULL,'2015-11-19 04:17:50','2015-11-19 07:12:24','','SD Muhammadiyah Tegal','SMP Al Hikmah','STM Mekanika, Bogor',NULL,'','','','','','','','','','','','','','','PT. Trinunggal Komara','Bogor','Operator','','','BPR Kijang A.S.','Bogor','Security','','','RAFI','Anggota','BPPKB','Ketua Ranting','','',NULL,NULL,'','','','IRT','Virghiawan F. A. M.',NULL,'',NULL,'',NULL,'',NULL,'',NULL,'',NULL,'',NULL,'',NULL,'','','','','','','','','','',''),(70,'DANI SAPUTRA','3209130910940003','KUNINGAN','1994-07-08','l','aktif',22,NULL,'-','fullday',NULL,'2015-07-01',0,'belum','','Jl. Baru Simpang 4 RT. 001 RW. 003 Desa Ciawigajah Kec. Beber Kab. Cirebon','Jl. Baru Simpang 4 RT. 001 RW. 003 Desa Ciawigajah Kec. Beber Kab. Cirebon','085759294749',NULL,'2015-11-19 04:41:52','2015-11-19 07:12:59','','SDN 1 Ciawigajah','SMPN 1 Cilimus','SMKN 3 Kuningan',NULL,'','','','','','','','','','','','','','','','','','','','','','','','','','','','','','',NULL,NULL,'','','','','',NULL,'',NULL,'',NULL,'',NULL,'',NULL,'',NULL,'',NULL,'',NULL,'','','','','','','','','','',''),(71,'BUDI SONJAYA','3208120306750007','BANDUNG','1975-06-03','l','aktif',22,NULL,'-','fullday',NULL,'2015-07-01',0,'menikah','NUNUNG NURHAYATI','RT. 07 RW. 03 Desa Sangkanherang Kec. Jalaksana Kab. Kuningan','RT. 07 RW. 03 Desa Sangkanherang Kec. Jalaksana Kab. Kuningan','0816642941',NULL,'2015-11-19 04:52:17','2015-11-19 07:13:23','','SD CikondaNG, Peusing','SMPN Kramatmulya, Kuningan','SMA Wiyata Dharma, Bandung ',NULL,'','','','','','','','','','','','','','','Yayasan ITUS','Desa Peusing','Security','','','','','','','','','','','','','',NULL,NULL,'','','','IRT','WINDI RAHAYU',NULL,'WIDIA SRI RAHMADINA',NULL,'',NULL,'',NULL,'',NULL,'',NULL,'',NULL,'',NULL,'','','','','','','','','','',''),(72,'Agus Hidayatul Rohman, S.TP','3208311708890001','Kuningan','1989-08-17','l','aktif',7,'foto.jpg','120282','fullday',NULL,'2012-10-01',0,'belum','','Ds. Mekar Mukti, Kec Sindang Agung, Kuningan','Ds. Mekar Mukti, Kec Sindang Agung, Kuningan','085724219164',NULL,'2015-11-19 06:33:57','2015-11-19 13:15:12','','MI GUPPI Mekar Mukti','MTs N Sindang Sari','MAN Cigugur',NULL,'IPB','Teknologi Pertanian','Teknologi Industri Pertanian','Teknik Sistem Industri','','','','','Pondok Pesantren Al-Ihya','Pesantren','','','','','','','','','','','','','','','Forum for Scientific Studies (Forces)','Staf Riset dan Edukasi','Himpunan Mahasistwa Teknologi Industri (Himalogin)','Kepala Divisi Profesi','Community Santri Scholars Ministry of Religious Affairs (CSS MoRA)','Kepala Minat Bakat',NULL,NULL,'','','','','',NULL,'',NULL,'',NULL,'',NULL,'',NULL,'',NULL,'',NULL,'',NULL,'','','','','','1999','2005','2008','','2012',''),(73,'Siti Nur Rohmah, S.Th.I','3208125412830002','Kuningan','1983-12-14','p','aktif',7,NULL,'080159','fullday',NULL,'2008-07-01',0,'menikah','Kodri, S.KM','Rt.010 Rw.04 dusun wage desa sembawa kec.Jalaksana kab. Kuningan','Rt. 010 Rw. 04 Dusun wage desa sembawa kec. Jalaksana Kab. Kuningan','082127170258',NULL,'2015-11-19 06:35:29','2015-11-19 07:03:31','','MI Maniskidul','MTS 24 Manislor','MA Husnul Khotimah',NULL,'UIN Syarif Hidayatullah Jakarta','Ushuluddin','Tafsir Hadits','Tafsir Hadits','','','','','','','','','','','privat SD','Bintaro','','2003','2008','Guru TPA AL MUHAJIRIN','perum ciater tangerang','Guru TPA','2003','2007','OSIS MTS','Sekretaris OSIS','INSANI MA','Wakil Ketua INSANI','BEM FAKULTAS','Devisi Pendidikan',NULL,NULL,'Bisa Berbahasa Arab','Memasak','','Pegawai Swasta','Safira Ruwaida Jannati',NULL,'Kamila Nur Athifah',NULL,'',NULL,'',NULL,'',NULL,'',NULL,'',NULL,'',NULL,'','','','','','1996','1999','2003','','',''),(74,'UJANG SHOLEHUDDIN, S.Pd','3208011408860004','KUNINGAN','1986-08-14','l','aktif',7,'/tmp/phpuber66','120275','fullday',NULL,'0000-00-00',0,'menikah','OUGUS FENIA','DUSUN PAHING RT.011/002 DESA CIKEUSIK KEC. CIDAHU','DUSUN PAHING RT.011/002 DESA CIKEUSIK KEC. CIDAHU','085224141944',NULL,'2015-11-19 06:36:17','2015-11-19 06:49:55','','MI KADUGEDE','SMPN 1 KADUGEDE','SMKN 2 KUNINGAN',NULL,'UNIVERSITAS KUNINGAN','FKIP','BAHASA INGGRIS','PENDIDIKAN BAHASA INGGRIS','','','','','','','','','','','','','','','','','','','','','','','','','','',NULL,NULL,'','','','GURU HONORER','',NULL,'',NULL,'',NULL,'',NULL,'',NULL,'',NULL,'',NULL,'',NULL,'','','','','','1997','2000','2004','','2010',''),(75,'EHA NURHAYATI','3208085602800008','JAKARTA','1980-02-16','p','aktif',0,NULL,'-','fullday',NULL,'0000-00-00',0,'menikah','Rasim, S. Pdi','Dusun manis, Rt/w: 001/001. Desa MekarMulya. Garawangi','Dusun Manis  no. 182 Desa Maleber','085295952860',NULL,'2015-11-19 06:36:53','2015-11-23 06:50:56','','','','',NULL,'','','','','','','','','','','','','','','','','','','','','','','','','','','','','','',NULL,NULL,'','','','Guru MTsN Garawangi','','  -  -    ','','  -  -    ','','  -  -    ','','  -  -    ','','  -  -    ','','  -  -    ','','  -  -    ','','  -  -    ','','','','','','','','','','',''),(76,'IWAN SANWANI, S.Si','3208110202830008','KUNINGAN','1983-02-02','l','aktif',7,NULL,'070104','boarding',NULL,'2007-07-01',0,'menikah','TITI RINAWATI, S.Hut','Dusun Satu Desa Maniskidul, Kec. Jalaksana, Kab. Kuningan, Jawa Barat 45554','Komplek Ponpes Terpadu Al-Multazam, Desa Maniskidul, Kec. Jalaksana, Kab. Kuningan','081578581067',NULL,'2015-11-19 06:39:09','2015-11-19 06:49:02','-','SDN Cihideunghilir 2','SLTPN 1 Cidahu','SMUN 1 Ciawigebang',NULL,'Universitas Negeri Yogyakrta','MIPA','Pendidikan Fisika','Fisika','','','','','Ponpes Mahasiswa Daaru Hiraa','Pesantren Mahasiswa','Indocita Foundation','Kursus Bahasa Inggris','','','LBB Nurul Fikri ','Yogyakarta','Pengajar privat','2006','2007','','','','','','OSIS SMUN 1 Ciawigebang ','Ketua II (Tahun 1999/2000)','Himpunan Mahasiswa Fisika FMIPA Universitas Negeri Yogyakarta','Ketua (Tahun 2003)','Jaringan Pemuda Remaja Masjid (JPRMI) Kab. Kuningan','Kuningan',NULL,NULL,'Pendidikan IPA','Komputer','','Karyawan Swasta','RINDANG GHINA MUSHLIHAH',NULL,'AURORA RASYIDA MUSHLIHAH',NULL,'',NULL,'',NULL,'',NULL,'',NULL,'',NULL,'',NULL,'','','','','','1995','1998','2001','','2007',''),(77,'MOH. DHARMAWAN HIDAYAT, S.Pd.I','3209102601850007','CIREBON','1985-01-26','l','aktif',7,'20150722_102707-1.jpg','130302','fullday',NULL,'0000-00-00',0,'menikah','ROBIAH ADAWIYAH','BUNTET PESANTREN RT.001 RW.005 DESA. MUNJUL KEC. ASTANAJAPURA KAB. CIREBON 45181 PROV. JAWA BARAT','JL. SAWAH BLOK PAHING RT.018 RW. 05 MANISKIDUL JALAKSANA KUNINGAN','08561559380',NULL,'2015-11-19 06:41:09','2015-11-19 07:28:48','','SDN MERTAPADA KULON III CIREBON','MTS.NU PUTRA II BUNTET PESANTREN CIREBON','MAN BUNTET PESANTREN CIREBON',NULL,'IAI AL-AQIDAH JAKARTA','TARBIYAH','PENDIDIKAN AGAMA ISLAM','PENDIDIKAN AGAMA ISLAM','','','','','PP. AL-ANWAR REMBANG JAWA TENGAH','PONDOK PESANTREN','SMART ILC PARE KEDIRI','BAHASA INGGRIS','OXFORD PARE KEDIRI','BAHASA INGGRIS','MA TAPAK SUNAN JAKARTA TIMUR','CONDET KEL. BALEKAMBANG KEC. KRAMATJATI JAKTIM','KEPALA TATA USAHA','2005','2010','MTS TAPAK SUNAN JAKARTA TIMUR','CONDET KEL. BALEKAMBANG KEC. KRAMATJATI JAKTIM','GURU','2005','2010','','','','','','',NULL,NULL,'','','','MENGURUS RUMAH TANGGA','',NULL,'',NULL,'',NULL,'',NULL,'',NULL,'',NULL,'',NULL,'',NULL,'','','','','','1996','1999','2002','','2011',''),(78,'MAYA NURMAYANTI, S.Pd','3208314504870002','KUNINGAN','1987-04-05','p','aktif',7,'Dirikulagi.jpg','-','boarding',NULL,'2015-07-27',0,'belum','','DUSUN PAHING RT.003 RT.002 DESA/KEC. SINDANGAGUNG KAB. KUNINGAN - JABAR','PONPES TERPADU AL-MULTAZAM DESA MANISKUDUL KEC. JALAKSANA KAB. KUNINGAN - JABAR','082320693558',NULL,'2015-11-19 06:41:23','2015-11-19 14:52:32','','SDN 1 SINDANGAGUNG','MTSN SINDANGASARI','MAN CIGUGUR KUNINGAN',NULL,'UNIVERSITAS KUNINGAN','FAKULTAS KEGURUAN DAN ILMU PENDIDIKAN','BAHASA INGGRIS','PENDIDIKAN BAHASA INGGRIS','','','','','','','','','','','TKIT/PAUD Darul Amanah','Jl. Ir. H. Juanda Purwawinangun Kuningan','Staff TU','Agustus 2014','Juni 2015','','','','','','BANTARA MAN CIGUGUR KUNINGAN','BENDAHARA','RUMAH QUR\'AN KUNINGAN','DIVISI TEHNISI KEGIATAN','LDK AL-KAHFI UNIVERSITAS KUNINGAN','DIVISI KADERISASI',NULL,NULL,'','','','','',NULL,'',NULL,'',NULL,'',NULL,'',NULL,'',NULL,'',NULL,'',NULL,'','','','','','2000','2003','2006','','2014',''),(79,'NUR ENDANG UMRO\'IN, S.Pd.I','3208234505810003','SUKADANA','1981-05-05','p','aktif',7,NULL,'060066','BOARDING',NULL,'2006-06-01',0,'menikah','ROTIM','DUSUN 2 CENGAL JAPARA KUNINGAN JAWA BARAT','MANISKIDUL JALAKSANA KUNINGAN JAWA BARAT','082214598263',NULL,'2015-11-19 06:43:10','2015-11-19 07:03:48','1988','1990','1995','1999',NULL,'2007','','','','','','','','','','','','','','','','','','','','','','','','','','','','','',NULL,NULL,'','','','STAFF HRD','MUHAMMAD RAMDHAN SYAUQY',NULL,'',NULL,'',NULL,'',NULL,'',NULL,'',NULL,'',NULL,'',NULL,'2005','2005','2005','2005','','','','','','',''),(80,'NONO WARTONO, S.Pd.I','3208191703900003','Kuningan','1990-03-17','l','aktif',7,'3x4.jpg','120277','fullday',NULL,'2014-06-16',0,'menikah','Ika Mayasari, S.Pd.I','Desa Ciwiru Kec. Pasawahan Kab. Kuningan','Desa Ciwiru Kec. Pasawahan Kab. Kuningan','087829759402',NULL,'2015-11-19 06:43:10','2015-11-19 06:56:17','TK Melati Ciwiru','SDN Ciwiru 1','MTs At Taubat Cidahu','MAN MODEL Ciwaringin',NULL,'IAIN Syekh Nurjati Cirebon','Tarbiyah','Tarbiyah','Tarbiyah Matematika','','','','','Ponpest Kebon Jambu Ciwaringin','Pondok Pesantren','','','','','Pengajar','Mandala Dukupuntang Cirebon','Guru','2010','2014','','','','','','LDK Al Ukhuwah Cirebon','Anggota','Rumah Zakat Cirebon','Mentor Anak Juara','Remaja Mesji Ciwiru (Mufa)','Ketua',NULL,NULL,'','','','Guru','',NULL,'',NULL,'',NULL,'',NULL,'',NULL,'',NULL,'',NULL,'',NULL,'','','','','1996','2002','2005','2008','','2013',''),(81,'NUR ENDANG UMRO\'IN','3208234505810003','SUKADANA','1981-05-05','p','',0,NULL,'','',NULL,'0000-00-00',0,'menikah','ROTIM','DUSUN 2 CENGAL JAPARA KUNINGAN JAWA BARAT','MANISKIDUL JALAKSANA KUNINGAN JAWA BARAT','082214598263','2015-11-19 06:44:23','2015-11-19 06:43:11','2015-11-19 06:44:23','','','','',NULL,'','','','','','','','','','','','','','','','','','','','','','','','','','','','','','',NULL,NULL,'','','','STAFF HRD','',NULL,'',NULL,'',NULL,'',NULL,'',NULL,'',NULL,'',NULL,'',NULL,'','','','','','','','','','',''),(82,'DENDI OKTORA S.Pd.I','3602242610840001','TASIKMALAYA','1984-10-26','l','aktif',7,NULL,'130826','fullday',NULL,'2013-08-26',0,'menikah','Aty Supartini','LING. PAHING Rt/Rw 002/001 Des. Purwawinangun Kec. Kuningan','LING. PAHING Rt/Rw 002/001 Des. Purwawinangun Kec. Kuningan','089697322584',NULL,'2015-11-19 06:43:47','2015-11-19 06:57:07','','SDN 4 PURWAWINANGUN','','MA DAARUL QOORI\'IN',NULL,'','SEKOLAH TINGGI AGAMA ISLAM SHALAUDIN AL AYYUBI STAISA JAKARTA','PAI','S.Pd.I','','','','','','','','','','','GURU','DAARUL QOORI\'IN RANGKAS BITUNG BANTEN','PEMBINAAN, BAHASA, PEMBINA PRAMUKA, ','2007','2012','YPI SEMAI BENIH ILMU ( SEBI )','SERANG BANTEN','BAHASA','2012','2012','PMII LATANSA MASHIRO RANGKAS BITUNG','ANGGOTA','','','','',NULL,NULL,'KEPRAMUKAAN','','','Guru','AGNIYAH FAQIHA AL BUKHORI',NULL,'',NULL,'',NULL,'',NULL,'',NULL,'',NULL,'',NULL,'',NULL,'','','','','','','','2007','','2012',''),(83,'DIAN MAOLIDA UTAMI,S.Si','3208194812840002','KUNINGAN','1984-12-08','p','aktif',7,'teh dian.jpg','080149','fullday',NULL,'2008-07-01',0,'menikah','EDI GUNARTO,S.Pd','DUSUN PON A,RT 014,RW 004,DESA CARACAS,KECAMATAN CILIMUS,KAB.KUNINGAN','DUSUN PON A,RT014,RW 004,DESA CARACAS,KECAMATAN CILIMUS,KAB.KUNINGAN','081573078076',NULL,'2015-11-19 06:44:07','2015-11-19 06:49:34','TK DAHLIA CIDAHU','SD NEGERI CIDAHU','SMPN 1 MANDIRANCAN','SMA NEGERI 2 CIREBON',NULL,'UNIVERSITAS PENDIDIKAN INDONESIA','FPMIPA','PENDIDIKAN MATEMATIKA','MATEMATIKA NONDIK','','','','','SANTRI SIAP GUNA DAARUT TAUHID','','','','','','INNOVATIFE PRIVATE','BANDUNG','GURU ','2005','2008','SDIT DAARUL FIKRI','BANDUNG','GURU','2007','2008','HIMATIKA UPI','KETUA DIVISI KEAKHWATAN','BEM KMFPMIPA UPI','STAF DIVISI KEROHANIAN','KARISMA ITB','ANGGOTA ',NULL,NULL,'','','','GURU','FATHINA AWWALUNNAJHA',NULL,'',NULL,'',NULL,'',NULL,'',NULL,'',NULL,'',NULL,'',NULL,'','','','','1991','1997','2000','2003','','2007',''),(84,'EMAN SULAEMAN, S.Kom','3208121706800013','Kuningan','1980-06-17','l','aktif',7,'Foto2.jpg','080151','fullday',NULL,'2008-07-01',0,'menikah','Ririn Marlina, S.Pd','Rt.005/001 Dusun 1 Maniskidul - Jalaksana - Kuningan','Rt.005/001 Dusun 1 Maniskidul - Jalaksana - Kuningan','085224053317',NULL,'2015-11-19 06:44:46','2015-11-19 08:16:29','-','SDN Maniskidul 2','SMPN 1 Jalaksana','SMU N 1 Beber',NULL,'Universitas Kuningan','Ilmu Komputer','Komputer','Teknik Informatika','Universitas Bina Nusantara','Ilmu Komputer','Komputer','Teknik Informatika','Gelora Masa','Teknik Elektro','','','','','','','','','','','','','','','Universitas Kuningan','Ketua Perakitan Komputer ( KP Com)','','','','',NULL,NULL,'Perakitan Komputer','Bahasa Pemrograman','Elektro','Guru','FADLAN FATIHURRIZQI',NULL,'',NULL,'',NULL,'',NULL,'',NULL,'',NULL,'',NULL,'',NULL,'-','-','-','-','','1990','1996','1999','','2008','2015'),(85,'IRPAN KOMARUDIN, S.Pd.I ','3208060904920004','KUNINGAN','1992-04-09','l','aktif',7,'ft Q.JPG','-','fullday',NULL,'2015-07-25',0,'belum','','GUNUNG KARUNG LURAGUNG KUNINGAN JAWA BARAT','GUNUNG KARUNG LURAGU','085648190091',NULL,'2015-11-19 06:48:55','2015-11-19 06:57:05','','GUNUNG KARUNG I','MTsN CIBINGBIN','MA AL-ANWAR PACUL GOWANG DIWEK JOMBANG JATIM',NULL,'STAIN KEDIRI','TARBIYAH','PBA ','PBA','','','','','PON-PES BANI SYAHIR CIBINGBIN KUNINGAN JAWA BARAT','PESANTREN','MA AL-ANWAR PACUL GOWANG DIWEK JOMBANG JATIM','PESANTREN','PON-PES AL-AMIEN KOTA KEDIRI JAWA TIMUR','PESANTREN','','','','','','','','','','','DEWAN MAHASISWA PBA STAIN KEDIRI','DEVISI BAHASA','PON-PES AL-AMIEN KOTA KEDIRI','KETUA PONDOK','','',NULL,NULL,'BERBAHASA ARAB','','','','',NULL,'',NULL,'',NULL,'',NULL,'',NULL,'',NULL,'',NULL,'',NULL,'','','','','','2004','2007','2010','','2015',''),(86,'DADANG ROSYID FAUZI, S.S','3208122109830002','CIANJUR','1983-09-21','l','aktif',7,'u_0002a.jpg','080122','fullday',NULL,'2008-01-14',0,'menikah','NENENG MAELANI, S.Pd.I','JL. ARIF RAHMAN HAKIM NO. 65 CIANJUR 43215','DS. MANISKIDUL KEC. JALAKSANA KAB. KUNINGAN','085797959177',NULL,'2015-11-19 06:52:03','2015-11-19 07:01:54','','MI. PERSIS 04 CIANJUR','MTs. PERSIS 04 CIANJUR','MA PERSIS 84 BANDUNG',NULL,'UIN SGD BANDUNG','ADAB & HUMANIORA','BAHASA DAN SASTRA ARAB','STRATA SATU','','','','','LPB UIN SGD BANDUNG','LEMBAGA KURSUS BAHASA ARAB-INGGRIS','MA\'HAD AL-IMARAT BANDUNG','LEMBAGA KURSUS BAHASA ARAB','','','GURU MI PERSIS 04 CIANJUR','CIANJUR','GURU KELAS','2006','2008','','','','','','RG-UG (OSIS) PERSIS ','SIE. KEBERSIHAN','HIMA BSA UIN SGD BANDUNG','ANGGOTA','HIMA PERSIS CIANJUR','ANGGOTA',NULL,NULL,'NGETIK BAHASA ARAB','','','GURU ','LATHIF ZULFAN FATHURRAHMAN',NULL,'ALYA SYAQILA ZAHRANA',NULL,'',NULL,'',NULL,'',NULL,'',NULL,'',NULL,'',NULL,'','','','','','1994','1997','2000','','2006',''),(87,'GINNI ANISA FEBRIANI, S. Pd. I','3208166402890004','kuningan','1989-02-24','p','aktif',7,NULL,'-','fullday',NULL,'2013-07-01',0,'menikah','solehudin luthfi','dusun manis rt/rw 01/01 desa kramatmulya kecamatan kramatmulya','dusun manis rt/rw 01/01 desa kramatmulya kecamatan kramatmulya','085351237445',NULL,'2015-11-19 06:52:05','2015-11-19 07:13:51','TK Pertiwi','SD Negeri ciloa 2','MTs Negeri Jalaksana','MA Negeri Darussalam Ciamis',NULL,'IAI Darussalam Ciamis','Tarbiyah','PAI','Agama','','','','','','','','','','','','','','','','','','','','','','','','','','',NULL,NULL,'','','','staff kesekertariatan pondok','Callista Zahra Syauqia',NULL,'',NULL,'',NULL,'',NULL,'',NULL,'',NULL,'',NULL,'',NULL,'','','','','1996','2001','2004','2007','','2012',''),(88,'RINI AGUSTINI, S.Pd','3208125108840001','Majalengka','1984-08-11','p','aktif',7,NULL,'080158','fullday',NULL,'2008-07-01',0,'menikah','Juwanda','Dusun tiga RT/RW 013/003','Perum Griyajati Unswagati Jl. kedokteran No. 57. Harjamukti, kota Cirebon','081324644165',NULL,'2015-11-19 06:53:51','2015-11-19 07:05:00','','','','',NULL,'','FPIPS','Pendidikan ekonomi','Pendidikan ekonomi dan koperasi','','','','','','','','','','','','','','','','','','','','','','','','','','',NULL,NULL,'','','','Dosen','Dzikria Rakha Rabbani Hamzah',NULL,'Nabila Sahla Hafiza',NULL,'',NULL,'',NULL,'',NULL,'',NULL,'',NULL,'',NULL,'','','','','1990','1996','1999','2002','','2007',''),(89,'Nurafifah Ayu Eka Julaekhah,S.S.I','3208134611820007','cirebon','1982-11-06','p','aktif',7,NULL,'060067','fullday',NULL,'2006-07-01',0,'menikah','Rudi Sadi Haryadi,S.T','Dusun manis Rt;001/001 Setianegara Cilimus Kuningan 45556','Dusun manis Rt:001/001 Setianegara Cilimus Kuningan 45556','08129999761',NULL,'2015-11-19 06:54:03','2015-11-19 07:07:12','Bhayangkari','SDN panembahan 3','MtsN arjawinangun','MAK HUSNUL KHOTIMAH',NULL,'UIN Syarif Hidayatullah','Dirasaat Islamiyah','','','','','','','','','','','','','','','','','','','','','','','','','','','','',NULL,NULL,'','','','pelaksana','Mayza Ajmalanniswah',NULL,'Fazluna Nahwa Syamya',NULL,'',NULL,'',NULL,'',NULL,'',NULL,'',NULL,'',NULL,'','','','','','','1996','2001','','2005',''),(90,'RINA HERNAWATI, S.PdI','3208204808840002','Kuningan','1984-08-08','p','aktif',7,NULL,'080157','fullday',NULL,'0000-00-00',0,'menikah','Heri Ramuja','Dusun Satu Rt 001 Rw 001 Desa Sangkanmulya Kecamatan Cigandamekar','Dusun Satu Rt 001 Rw 001 Desa Sangkanmulya Kecamatan Cigandamekar','085295820107',NULL,'2015-11-19 06:54:09','2015-11-19 07:06:38','','SDN 1 Cikadu','SMPN 1 Kadugede','SMAN 3 Kuningan',NULL,'IAIN syekh Nurjati Cirebon','Tarbiyah','Tadris Matematika','Matematika','','','','','','','','','','','','','','','','','','','','','','','','','','',NULL,NULL,'','','','Guru','Ahmad Fathurrohman Hasani',NULL,'Zahra Qurrota Aini',NULL,'',NULL,'',NULL,'',NULL,'',NULL,'',NULL,'',NULL,'','','','','','1997','2000','2003','','2007',''),(91,'ENCENG NURSYAHID, S.Pd.I','3208123006840004','GARUT','1984-06-30','l','aktif',7,'@A.jpg','050042','fullday',NULL,'2013-07-01',0,'menikah','EUIS NURHAYATI FAUZIYAH','PANGKALAN - CIAWIGEBANG - KUNINGAN','PANGKALAN - CIAWIGEBANG - KUNINGAN','08977794980',NULL,'2015-11-19 06:56:42','2015-11-19 06:56:42','','SDN CIJANGKAR','DARUSSALAM','DARUSSALAM',NULL,'IAIN SYEKH NURJATI CIREBON','TARBIYAH','BAHASA INGGRIS','PENDIDIKAN BAHASA INGGRIS','','','','','','','','','','','','','','','','','','','','','','','','','','',NULL,NULL,'','','','GURU HONORER','SYAKILA AZYANUL FAKHRIYYA',NULL,'',NULL,'',NULL,'',NULL,'',NULL,'',NULL,'',NULL,'',NULL,'','','','','','1998','2001','2005','','2013',''),(92,'II IVANTRI, S.Pd','3208136109880006','KUNINGAN','1988-09-21','p','aktif',7,NULL,'110251','fullday',NULL,'2011-07-01',0,'menikah','Hendrik Hendriana','Dusun Manis Desa Bojong Kecamatan Cilimus Kabupaten Kuningan','Dusun Manis Desa Bojong Kecamatan Cilimus Kabupaten Kuningan','085224940362',NULL,'2015-11-19 06:56:48','2015-11-19 06:58:21','TK GAPURA ','SD NEGERI 1 BOJONG','SMP NEGERI 1 CILIMUS','SMA NEGERI 1 JALAKSANA',NULL,'UNSWAGATI','FKIP','MIPA','Matematika','','','','','','','','','','','','','','','','','','','','','','','','','','',NULL,NULL,'','','','Guru Honorer','',NULL,'',NULL,'',NULL,'',NULL,'',NULL,'',NULL,'',NULL,'',NULL,'','','','','1994','2000','2003','2006','','2010',''),(93,'RONI ROMANSYAH, S.Pd.I','3209162907830010','CIREBON','1983-07-29','l','aktif',7,'RONI.R.jpg','090204','fullday',NULL,'2009-07-01',0,'menikah','IMATUS SHOLIHAH','DESA BOBOS BLOK II RT.01 RW.04, KEC.DUKUPUNTANG-KAB.CIREBON','DESA BOBOS BLOK II RT.01 RW.04, KEC.DUKUPUNTANG-KAB.CIREBON','085224793318',NULL,'2015-11-19 06:58:05','2015-11-19 06:58:05','','SDN 2 BOBOS','MTs.AL-ISHLAH','PONDOK MODERN DARUSSALAM GONTOR',NULL,'STAI CIREBON','TARBIYAH','PENDIDIKAN','PAI','','','','','','','','','','','SDN 2 BOBOS','JL.IMAM BONJOL-BOBOS','GURU','2005','2008','MA MANBA\'UL ULUM','JL.NYI AGENG SERANG-SINDANGMEKAR','GURU','2006','2007','BAG.BAHASA - PONDOK MODERN DARUSSALAM GONTOR','ANGGOTA','BAG.KANTIN - PONDOK MODERN DARUSSALAM GONTOR','ANGGOTA','BAG.PENGASUHAN DAN BAHASA PON PES AL-ISHLAH BOBOS','KETUA',NULL,NULL,'','','','IBU RT','IBNU SINA',NULL,'',NULL,'',NULL,'',NULL,'',NULL,'',NULL,'',NULL,'',NULL,'','','','','','1996','1999','2003','','2008',''),(94,'Sunenti, S.Pd','3208214304890002','Kuningan','1989-04-03','p','aktif',7,NULL,'120276','fullday',NULL,'2012-07-01',0,'menikah','Salihin','Desa Salareuma-Cipicung-Kuningan','Desa Salareuma-Cipicung-Kuningan','085797529084',NULL,'2015-11-19 06:59:12','2015-11-19 06:59:12','','SDN 2 Salareuma','Mts Ar- Raswad Cengal','MAN Ciawigebang',NULL,'UNIKU','Fakultas Keguruan dan Ilmu pendidikan','Pendidikan Bahasa dan Seni','Pendidikan Bahasa dan Sastra Indonesia','','','','','','','','','','','','','','','','','','','','','','','','','','',NULL,NULL,'','','','Wiraswasta','Qais Abbasy Ghaisan',NULL,'',NULL,'',NULL,'',NULL,'',NULL,'',NULL,'',NULL,'',NULL,'','','','','','2001','2004','2007','','2012',''),(95,'ROSI ROSYANTI, S.Pd','3208094909870006','KUNINGAN','1987-09-09','p','aktif',7,NULL,'110252','fullday',NULL,'2011-07-01',0,'menikah','Dicky Fieseta','Lingk. Talahab Kel. Citangtu Rt 15 Rw 04','Lingk. Talahab Kel. Citangtu Rt 15 Rw o4','087724163324',NULL,'2015-11-19 07:00:14','2015-11-19 07:03:31','','SDN CITANGTU 3','SMPN 2 KUNINGAN','SMK BINASWASTA KUNINGAN',NULL,'UNIVERSITAS KUNINGAN','FAKULTAS KEGURUAN DAN ILMU PENDIDIKAN','PENDIDIKAN BAHASA DAN SENI','PENDIDIKAN BAHASA DAN SASTRA INDONESIA','','','','','','','','','','','','','','','','','','','','','PENGURUS HIMA PBSI','SEKRETARIS','','','','',NULL,NULL,'','','','Guru Honorer','QYANDRA MUHAMMAD ROIHAN',NULL,'',NULL,'',NULL,'',NULL,'',NULL,'',NULL,'',NULL,'',NULL,'','','','','','2000','2003','2006','','2011',''),(96,'HERI RAMUJA, S.PdI','3208202006820001','Teluk Betung','1982-06-20','l','aktif',7,NULL,'090178','fullday',NULL,'2009-01-01',0,'menikah','Rina Hernawati','Dusun Satu Rt 001 Rw 001 Desa Sangkanmulya Kecamatan Cigandamekar','Dusun Satu Rt 001 Rw 001 Desa Sangkanmulya Kecamatan Cigandamekar','085295961682',NULL,'2015-11-19 07:01:39','2015-11-19 07:17:04','','MI Teluk Betung','MTs Gedongan','MA Gedongan',NULL,'IAIN Syekh Nurjati Cirebon','Tarbiyah','Tadris Matematika','Matematika','','','','','','','','','','','','','','','','','','','','','','','','','','',NULL,NULL,'','','','Guru','Ahmad Fathurrohman Hasani',NULL,'Zahra Qurrota Aini',NULL,'',NULL,'',NULL,'',NULL,'',NULL,'',NULL,'',NULL,'','','','','','','','','','',''),(97,'Hj. Tita Eka Fuspita, S.Psi','3208126402820002','Kuningan','1982-02-24','p','aktif',7,NULL,'080171','fullday',NULL,'2008-06-01',0,'menikah','Adin Nurhaedin, Lc','Dusun Satu. RT 005 RW 001. Maniskidul. Jalaksana. Kuningan','Dusun Satu. RT 005 RW 001. Maniskidul. Jalaksana. Kuningan','085324023968',NULL,'2015-11-19 07:08:37','2015-11-23 06:52:16','TK Kencana Pondok Kelapa','SDN 01 Pagi Pondok Kelapa','SMPI Al-Azhar Kelapa Gading','MA Husnul Khotimah',NULL,'Universitas Gunadarma','Psikologi','Psikologi','Psikologi','','','','','','','','','','','','','','','','','','','','','','','','','','',NULL,NULL,'','','','Guru','Muhammad Yusuf Ridho','  -  -    ','Muhammad Barraq Fauzan (alm)','  -  -    ','','  -  -    ','','  -  -    ','','  -  -    ','','  -  -    ','','  -  -    ','','  -  -    ','','','','','1988','1994','1997','2001','','2007',''),(98,'ASKI , S.Pd','3208076109800005','Kuningan','1980-09-21','p','aktif',7,NULL,'','fullday',NULL,'2015-07-27',0,'belum','','Desa Cinagara Kecamatan Lebakwangi Kabupaten Kuningan','Desa Cinagara Kecamatan Lebakwangi Kabupaten Kuningan','085320953677',NULL,'2015-11-19 07:09:59','2015-11-19 07:09:59','','SD Negeri Cinagara 1','SMP NEGERI 1 LEBAKWANGI','SMA NEGERI 3 KUNINGAN',NULL,'UNIKU','FKIP','PENDIDIKAN BAHASA DAN SENI','BAHASA INDONESIA','','','','','LEAK','BAHASA INGGRIS','','','','','SMA NEGERI 1 LURAGUNG','LURAGUNG','GURU SBK','23 SEPTEMBER 2012','JULI 2015','BIMBEL SSC','LURAGUNG','GURU','2014','2015','PADUAN SUARA PURBAWISESA SETDA KUNINGAN','ANGGOTA SUARA ALTO','','','','',NULL,NULL,'','','','','NORMALASARI',NULL,'',NULL,'',NULL,'',NULL,'',NULL,'',NULL,'',NULL,'',NULL,'','','','','','1994','1997','2000','','2012',''),(99,'SUWONDO','3208133008680002','LAMPUNG','1968-08-30','l','aktif',22,NULL,'-','fullday',NULL,'2015-07-01',0,'menikah','EEM','Dusun 03 RT. 013 RW. 003 Cipaku Desa Linggajati Kec. Cilimus Kab. Kuningan','Dusun 03 RT. 013 RW. 003 Cipaku Desa Linggajati Kec. Cilimus Kab. Kuningan','081324716134',NULL,'2015-11-19 07:11:13','2015-11-19 07:11:32','','','','',NULL,'','','','','','','','','','','','','','','','','','','','','','','','','','','','','','',NULL,NULL,'','','','IRT','HERLANGGA PRASETIO',NULL,'KHAERUNISA',NULL,'',NULL,'',NULL,'',NULL,'',NULL,'',NULL,'',NULL,'','','','','','','','','','',''),(100,'SULAEMAN,SH.I','3208120808830005','kuningan','1983-08-08','l','aktif',7,'Sulaeman.JPG','070107','fullday',NULL,'2007-09-07',0,'menikah','lina budiarti','dusun wage rt 10 rw 04 desa cikaso kec.kramatmulya','dusun wage rt 10 rw 04 desa cikaso kec.kramatmulya','081324313558',NULL,'2015-11-19 07:12:27','2015-11-23 03:00:07','','','','',NULL,'','syariah','muamalah','s1','','','','','','','','','','','','','','','','','','','','','','','','','','',NULL,NULL,'','','','guru','Muthia lailatul husna','  -  -    ','muhammad khairul umam','  -  -    ','mursyida naura azzahra','  -  -    ','','  -  -    ','','  -  -    ','','  -  -    ','','  -  -    ','','  -  -    ','','','','','','1995','1999','2002','','2007',''),(101,'Hj. Tita Eka Fuspita','3208126402820002','Kuningan','1982-02-24','p','aktif',7,NULL,'080171','boarding',NULL,'2008-06-01',0,'menikah','H. Adin Nurhaedin, Lc','Dusun Satu. RT005 RW001.Ds Maniskidul. Kec Jalaksana Kab Kuningan','Dusun Satu. RT005 RW001. Ds Maniskidul. Kec Jalaksana Kab Kuningan','085324023968','2015-11-19 07:20:04','2015-11-19 07:13:24','2015-11-19 07:20:04','TK KencanaPondok Kelapa','','','',NULL,'','','','','','','','','','','','','','','','','','','','','','','','','','','','','','',NULL,NULL,'','','','Guru','',NULL,'',NULL,'',NULL,'',NULL,'',NULL,'',NULL,'',NULL,'',NULL,'','','','','','','','','','',''),(102,'MISKADI, SE','3208091118760004','KUNINGAN','1976-11-18','l','aktif',19,NULL,'','fullday',NULL,'0000-00-00',0,'menikah','Dewi Resmanawati M., S.PdI','Lingkungan Manis RT. 11/03 Kel. Purwawinangun Kec. Kuningan 45512','Lingkungan Manis RT. 11/03 Kel. Purwawinangun Kec. Kuningan 45512','085624208674',NULL,'2015-11-19 07:14:54','2015-11-19 07:14:54','','SDN Pakembangan','SMPN Garawangi','SMEAN Kuningsan',NULL,'STIE SETIABUDI JAKARTA','','AKUNTANSI','AKUNTANSI','','','','','','','','','','','','','','','','','','','','','','','','','','',NULL,NULL,'','','','Guru SDIT Al-Multazam','',NULL,'',NULL,'',NULL,'',NULL,'',NULL,'',NULL,'',NULL,'',NULL,'','','','','','1988','1991','1994','','2003',''),(103,'EKA SUKMANA, S.Kom., M.Pd','','KUNINGAN','1987-01-30','l','',0,NULL,'','',NULL,'0000-00-00',0,'menikah','IKA ROSIKA','DESA KASTURI','DESA KASTURI','','2015-11-19 07:17:32','2015-11-19 07:15:48','2015-11-19 07:17:32','','','','',NULL,'','','','','','','','','','','','','','','','','','','','','','','','','','','','','','',NULL,NULL,'','','','WIRASWASTA','',NULL,'',NULL,'',NULL,'',NULL,'',NULL,'',NULL,'',NULL,'',NULL,'','','','','','','','','','',''),(104,'Eka Sukmana','3208043001870004','Kuningan','1987-01-30','l','aktif',7,NULL,'110249','AKTIF',NULL,'2011-07-01',0,'menikah','Ika Rosika','Desa Kasturi Kec./Kab. Kuningan','Desa Kasturi Kec./Kab. Kuningan','085659817111',NULL,'2015-11-19 07:15:59','2015-11-19 08:20:06','','SD Negeri 2 Ciwaru','SMP Negeri 1 Ciwaru','SMA Negeri 1 Luragung',NULL,'Universitas Kuningan','Ilmu Komputer','Komputer','Teknik Informatika','Universitas Kuningan','Pendidikan Ekonomi','Pendidikan Ekonomi','Pendidikan Ekonomi','Computer Courses','Komputer','','','','','SD Negeri Cijambu','Cijambu Kuningan','Guru','2010','2011','SMK Kuningan','Kuningan','Guru','2010','2013','LDK AL-KAHFI','Anggota','UNIKU Choir','Anggota','BEM','Sekretaris',NULL,NULL,'Bahasa Pemrograman','Analisis SPSS','','Wiraswasta','Abdullah Faiq Sukmana',NULL,'',NULL,'',NULL,'',NULL,'',NULL,'',NULL,'',NULL,'',NULL,'','','','','','','','','','',''),(105,'YAYAT HIDAYAT','3208131906810005','KUNINGAN','1981-06-19','l','aktif',22,NULL,'-','fullday',NULL,'2015-07-01',0,'menikah','CARSITI','Dusun Wage RT. 08 RW. 04 Desa Linggasana Kec. Cilimus Kab. Kuningan','Dusun Wage RT. 08 RW. 04 Desa Linggasana Kec. Cilimus Kab. Kuningan','085864519624',NULL,'2015-11-19 07:17:00','2015-11-19 07:17:00','','','','SMK Pertiwi Kuningan',NULL,'','','','','','','','','','','','','','','','','','','','','','','','','','','','','','',NULL,NULL,'','','','IRT','AUDRY NATASYA',NULL,'',NULL,'',NULL,'',NULL,'',NULL,'',NULL,'',NULL,'',NULL,'','','','','','','','','','',''),(106,'SUPARDI JAELANI','3208131605590001','KUNINGAN','1959-05-16','l','aktif',22,NULL,'-','fullday',NULL,'2015-07-01',0,'menikah','SUWINAH','Dusun 2 RT. 007 RW. 02 Desa Linggajati Kec. Cilimus Kab. Kuningan','Dusun 2 RT. 007 RW. 02 Desa Linggajati Kec. Cilimus Kab. Kuningan','085659725610',NULL,'2015-11-19 07:21:09','2015-11-19 07:21:09','','SDN 1 Linggajati','','',NULL,'','','','','','','','','','','','','','','','','','','','','','','','','','','','','','',NULL,NULL,'','','','IRT','KARSONO',NULL,'JAJA SUKANDA',NULL,'AAS ASANAH',NULL,'EHAN JUHANA',NULL,'',NULL,'',NULL,'',NULL,'',NULL,'','','','','','','','','','',''),(107,'Taufan Adiwijaya','','Mojokerto','1982-08-11','l','aktif',7,NULL,'12','fullday',NULL,'2012-07-08',0,'menikah','Anita Saptawati','Dusun III RT/RW 007/003 Panawuan Cigandamekar','Perum Caracas Mountain View Blok D 23 Caracas Cilimus','','2015-11-19 07:29:30','2015-11-19 07:21:42','2015-11-19 07:29:30','','','','',NULL,'','','','','','','','','','','','','','','','','','','','','','','','','','','','','','',NULL,NULL,'Badminton','KKPI','','Guru','Jasmine Aisyah Wijayanti',NULL,'Khandias Fayzul-Haq Wijaya',NULL,'',NULL,'',NULL,'',NULL,'',NULL,'',NULL,'',NULL,'','','','','','','','','','',''),(108,'ADANG HIKMAT, S.Pd','3208212607870002','Kuningan','1987-07-26','l','aktif',7,'DSC_0084.jpg','080168','fullday',NULL,'2008-07-01',0,'belum','','Dusun Manis Rt.002/001 Desa Muncangela Kec. Cipicung','Dusun Manis Rt.002/001 Desa Muncangela Kec. Cipicung','087829849858',NULL,'2015-11-19 07:23:44','2015-11-19 07:28:07','','SDN Muncangela II','SMPN 1 Sindangagung','SMK pertiwi Kuningan',NULL,'Universitas Kuningan','Keguruan dan Ilmu Pendidikan','Pendidikan Ilmu Pengetahuan Sosial','Pendidikan Ekonomi','','','','','','','','','','','','','','','','','','','','','','','','','','',NULL,NULL,'','','','','',NULL,'',NULL,'',NULL,'',NULL,'',NULL,'',NULL,'',NULL,'',NULL,'','','','','','1997','2003','2006','','2014',''),(109,'Uni Nurani, S.E','','Kuningan','1984-04-10','p','aktif',7,NULL,'090179','fullday',NULL,'2009-01-01',0,'menikah','M. Iif Luthfy','Dsn. Kliwon RT 006/001 Cilombang Ciawigebang','Dsn. Malaraman Rt01/07 Desa Cisantana Kec. Cigugur Kuningan','085222279792',NULL,'2015-11-19 07:24:20','2015-11-19 07:24:20','','SDN 3 Cisantana','MTsN Model Cigugur Kuningan','SMK N 2 Kuningan',NULL,'Universitas Pasundan Bandung','Fakultas Ekonomi','Ekonomi','Akuntansi','','','','','','','','','','','','','','','','','','','','','','','','','','',NULL,NULL,'','','','Guru','Zulqarnain',NULL,'Muhammad Al-Fatih',NULL,'',NULL,'',NULL,'',NULL,'',NULL,'',NULL,'',NULL,'','','','','','1996','1999','2003','','2004',''),(110,'MAMAN SUPARMAN','3210071107870061','CIAMIS','1987-07-11','l','aktif',22,NULL,'-','boarding',NULL,'2015-07-01',0,'menikah','SARA DEVI RABIULLIA','Lingk. Mekarjaya RT. 001 RW. 001 Desa Tonjong Kel. Tonjong Kec. Majalengka Kab. Majalengka','Kampus Al Multazam 2 Desa Linggajati Kec. Cilimus Kab. Kuningan','085315402349',NULL,'2015-11-19 07:24:45','2015-11-23 06:55:56','','SD TONJONG','SMPN 1 MAJALENGKA','SMA PGRI 1 MAJALENGKA',NULL,'YPIB Majalengka','Keperawatan','Keperawatan','S1 Keperawatan','','','','','','','','','','','','','','','','','','','','','','','','','','',NULL,NULL,'','','','MAHASISWA','MUHAMMAD SUTIYA SURI','  -  -    ','','  -  -    ','','  -  -    ','','  -  -    ','','  -  -    ','','  -  -    ','','  -  -    ','','  -  -    ','','','','','','','','','','',''),(111,'Taufan Adiwijaya','','Mojokerto','1982-08-11','l','aktif',7,NULL,'120742','fullday',NULL,'2012-07-08',0,'menikah','Anita Saptawati','Dusun 3 RT/RW 007/003 Panawuan Cigandamekar','Perum Caracas Mountain View Blok D 23 Caracas Cilimus','085797216162',NULL,'2015-11-19 07:29:15','2015-11-20 00:11:04','','Kranggan IV Mojokerto','SMPN 1 Mojokerto','SMUN 9 Surabaya',NULL,'STMIK IKMI Tasikmalaya','FTI','Teknik Informatika','S1 Teknik Informatika','','','','','','','','','','','','','','','','','','','','','','','','','','',NULL,NULL,'','','','Guru','',NULL,'',NULL,'',NULL,'',NULL,'',NULL,'',NULL,'',NULL,'',NULL,'Institut Teknologi 10 Nopember Surabaya','FTIF','Teknik Informatika','D3 Teknik Informatika','','1994','1997','2000','2005','2011',''),(112,'ALIFA ISMI VENUSIA,S.Pd','3578195005830001','depok-bogor','1983-10-05','p','aktif',7,'Bu Alif.jpg','080148','fullday',NULL,'2008-07-01',0,'belum','','JL.WISMA TENGGER XVI/25 SURABAYA','MANISKIDUL, JALAKSANA, KUNINGAN','085724530590',NULL,'2015-11-19 07:35:19','2015-11-19 07:35:19','-','SDN MENANGGAL 601 SURABAYA','SMPN 33 SURANAYA','SMA KHADIJAH SURABAYA',NULL,'UAD (UNIVERSITAS AHMAD DAHLAN)','FKIP','PBI','S1','','','','','BEC PARE- KEDIRI','KURSUS BAHASA INGGRIS','','','','','GURU KURSUS BAHASA INGGRIS DI LTI','WATES - YOGYAKARTA','GURU','2005','2007','GURU SMPIT BAHASA INGGRIS','MANISKIDUL, JALAKSANA, KUNINGAN','GURU','2008','','OSIS SMPN 33','WAKIL MPK','MAJALAH SISWA KHADIJAH','WAKIL REDAKTUR','HMPS BAHASA INGGRIS UAD (EDSA)','KETUA DIVISI PENDIDIKAN',NULL,NULL,'ENTREPENUER','BAHASA INGGRIS','','','',NULL,'',NULL,'',NULL,'',NULL,'',NULL,'',NULL,'',NULL,'',NULL,'','','','','-','1995','1998','2001','','',''),(113,'FIRGI FITRI WAHYUNI','3208134802970015','KUNINGAN','1997-02-08','p','aktif',22,NULL,'-','fullday',NULL,'2015-07-01',0,'belum','','Dusun 02 RT. 10 RW. 02 Desa Linggajati Kec. Cilimus Kab. Kuningan','Dusun 02 RT. 10 RW. 02 Desa Linggajati Kec. Cilimus Kab. Kuningan','085724476536',NULL,'2015-11-19 07:36:18','2015-11-19 07:36:18','','SDN 2 LINGGAJATI','SMPN 2 CILIMUS','SMK YAMSIK KUNINGAN',NULL,'','','','','','','','','','','','','','','','','','','','','','','','','PASUS (PASUKAN KHUSUS)','ANGGOTA','PECINTA ALAM','SEKRETARIS','','',NULL,NULL,'','','','','',NULL,'',NULL,'',NULL,'',NULL,'',NULL,'',NULL,'',NULL,'',NULL,'','','','','','2009','2002','2015','','',''),(114,'SITI KOMARIAH','3208136610700003','KUNINGAN','1970-10-26','p','aktif',22,NULL,'-','fullday',NULL,'2015-07-01',0,'menikah','ADING ADIRISMAN','Dusun 01 RT. 03 RW. 01 Desa Linggajati Kec. Cilimus Kab. Kuningan','Dusun 01 RT. 03 RW. 01 Desa Linggajati Kec. Cilimus Kab. Kuningan','081223630124',NULL,'2015-11-19 07:43:05','2015-11-19 07:49:41','','','','',NULL,'','','','','','','','','','','','','','','','','','','','','','','','','','','','','','',NULL,NULL,'','','','KARYAWAN SWASTA','FAJAR ADI KOMARA',NULL,'NANDA FAUZAN AKBAR',NULL,'TASYA AGUSTINA',NULL,'',NULL,'',NULL,'',NULL,'',NULL,'',NULL,'','','','','','','','','','',''),(115,'ATUN','3208136303750001','KUNINGAN','1975-03-23','p','aktif',22,NULL,'-','fullday',NULL,'2015-07-01',0,'menikah','ANANG','Dusun 02 RT. 08 RW. 02 Desa Linggajati Kec. Cilimus Kab. Kuningan','Dusun 02 RT. 08 RW. 02 Desa Linggajati Kec. Cilimus Kab. Kuningan','',NULL,'2015-11-19 07:46:35','2015-11-19 07:50:54','','SDN','','',NULL,'','','','','','','','','','','','','','','','','','','','','','','','','','','','','','',NULL,NULL,'','','','-','SARIPAH',NULL,'ADI KOSASIH',NULL,'',NULL,'',NULL,'',NULL,'',NULL,'',NULL,'',NULL,'','','','','','','','','','',''),(116,'NINING RATNA NINGSIH','3208136911790001','KUNINGAN','1978-11-29','p','aktif',22,NULL,'-','fullday',NULL,'2015-07-01',0,'menikah','','Dusun 02 RT. 07 RW. 02 Desa Linggajati Kec. Cilimus Kab. Kuningan','Dusun 02 RT. 07 RW. 02 Desa Linggajati Kec. Cilimus Kab. Kuningan','085691866016',NULL,'2015-11-19 07:49:16','2015-11-19 07:49:16','','','','',NULL,'','','','','','','','','','','','','','','','','','','','','','','','','','','','','','',NULL,NULL,'','','','','',NULL,'',NULL,'',NULL,'',NULL,'',NULL,'',NULL,'',NULL,'',NULL,'','','','','','','','','','',''),(117,'EKKI YULIANAWATI, S.Pd.I','3208096807870004','KUNINGAN','1987-07-28','p','aktif',NULL,'','','',NULL,'0000-00-00',0,'belum',NULL,'','',NULL,'2015-11-20 03:06:24','2015-11-19 07:50:00','2015-11-20 03:06:24',NULL,NULL,NULL,NULL,NULL,NULL,NULL,NULL,NULL,NULL,NULL,NULL,NULL,NULL,NULL,NULL,NULL,NULL,NULL,NULL,NULL,NULL,NULL,NULL,NULL,NULL,NULL,NULL,NULL,NULL,NULL,NULL,NULL,NULL,NULL,NULL,NULL,NULL,NULL,NULL,NULL,NULL,NULL,NULL,NULL,NULL,NULL,NULL,NULL,NULL,NULL,NULL,NULL,NULL,NULL,NULL,NULL,NULL,NULL,NULL,NULL,NULL,NULL,NULL,NULL,NULL,NULL,NULL),(118,'EKKI YULIANAWATI, S.Pd.I','3208096807870004','KUNINGAN','1987-07-28','p','aktif',NULL,'','','',NULL,'0000-00-00',0,'belum',NULL,'','',NULL,'2015-11-20 03:06:59','2015-11-19 07:50:46','2015-11-20 03:06:59',NULL,NULL,NULL,NULL,NULL,NULL,NULL,NULL,NULL,NULL,NULL,NULL,NULL,NULL,NULL,NULL,NULL,NULL,NULL,NULL,NULL,NULL,NULL,NULL,NULL,NULL,NULL,NULL,NULL,NULL,NULL,NULL,NULL,NULL,NULL,NULL,NULL,NULL,NULL,NULL,NULL,NULL,NULL,NULL,NULL,NULL,NULL,NULL,NULL,NULL,NULL,NULL,NULL,NULL,NULL,NULL,NULL,NULL,NULL,NULL,NULL,NULL,NULL,NULL,NULL,NULL,NULL,NULL),(119,'EKKI YULIANAWATI, S.Pd.I','3208096807870004','KUNINGAN','1987-07-28','p','aktif',7,'175267 6ABC.jpg','110250','fullday',NULL,'2011-07-10',0,'menikah','RAHMAT SOLEH','LINGK. CIKETUG-RT: 003/007-WINDUHAJI-KUNINGAN','LINGK. CIKETUG-RT: 003/007-WINDUHAJI-KUNINGAN','081222176860',NULL,'2015-11-19 07:52:27','2015-11-20 03:12:17','TK MAWAR VIII ','SDN I WINDUHAJI','SMPN 2 KUNINGAN','SMAN 3 KUNINGAN',NULL,'IAIN SYEKH NURJATI CIREBON','TARBIYAH','IPA','BIOLOGI','','','','','','','','','','','','','','','','','','','','','','','','','','',NULL,NULL,'','','','GURU','REYYAN EL FAYYADH',NULL,'',NULL,'',NULL,'',NULL,'',NULL,'',NULL,'',NULL,'',NULL,'','','','','1993','2001','2003','2006','','2011',''),(120,'EKKI YULIANAWATI, S.Pd.I','3208096807870004','KUNINGAN','1987-07-28','p','aktif',NULL,'','','',NULL,'0000-00-00',0,'belum',NULL,'','',NULL,'2015-11-20 03:07:32','2015-11-19 07:52:31','2015-11-20 03:07:32',NULL,NULL,NULL,NULL,NULL,NULL,NULL,NULL,NULL,NULL,NULL,NULL,NULL,NULL,NULL,NULL,NULL,NULL,NULL,NULL,NULL,NULL,NULL,NULL,NULL,NULL,NULL,NULL,NULL,NULL,NULL,NULL,NULL,NULL,NULL,NULL,NULL,NULL,NULL,NULL,NULL,NULL,NULL,NULL,NULL,NULL,NULL,NULL,NULL,NULL,NULL,NULL,NULL,NULL,NULL,NULL,NULL,NULL,NULL,NULL,NULL,NULL,NULL,NULL,NULL,NULL,NULL,NULL),(121,'EKKI YULIANAWATI, S.Pd.I','3208096807870004','KUNINGAN','1987-07-28','p','aktif',NULL,'','','',NULL,'0000-00-00',0,'belum',NULL,'','',NULL,'2015-11-20 03:07:58','2015-11-19 07:52:31','2015-11-20 03:07:58',NULL,NULL,NULL,NULL,NULL,NULL,NULL,NULL,NULL,NULL,NULL,NULL,NULL,NULL,NULL,NULL,NULL,NULL,NULL,NULL,NULL,NULL,NULL,NULL,NULL,NULL,NULL,NULL,NULL,NULL,NULL,NULL,NULL,NULL,NULL,NULL,NULL,NULL,NULL,NULL,NULL,NULL,NULL,NULL,NULL,NULL,NULL,NULL,NULL,NULL,NULL,NULL,NULL,NULL,NULL,NULL,NULL,NULL,NULL,NULL,NULL,NULL,NULL,NULL,NULL,NULL,NULL,NULL),(122,'EKKI YULIANAWATI, S.Pd.I','3208096807870004','KUNINGAN','1987-07-28','p','aktif',NULL,'','','',NULL,'0000-00-00',0,'belum',NULL,'','',NULL,'2015-11-20 03:08:27','2015-11-19 07:52:34','2015-11-20 03:08:27',NULL,NULL,NULL,NULL,NULL,NULL,NULL,NULL,NULL,NULL,NULL,NULL,NULL,NULL,NULL,NULL,NULL,NULL,NULL,NULL,NULL,NULL,NULL,NULL,NULL,NULL,NULL,NULL,NULL,NULL,NULL,NULL,NULL,NULL,NULL,NULL,NULL,NULL,NULL,NULL,NULL,NULL,NULL,NULL,NULL,NULL,NULL,NULL,NULL,NULL,NULL,NULL,NULL,NULL,NULL,NULL,NULL,NULL,NULL,NULL,NULL,NULL,NULL,NULL,NULL,NULL,NULL,NULL),(123,'EKKI YULIANAWATI, S.Pd.I','3208096807870004','KUNINGAN','1987-07-28','p','aktif',NULL,'','','',NULL,'0000-00-00',0,'belum',NULL,'','',NULL,'2015-11-20 03:08:44','2015-11-19 07:52:35','2015-11-20 03:08:44',NULL,NULL,NULL,NULL,NULL,NULL,NULL,NULL,NULL,NULL,NULL,NULL,NULL,NULL,NULL,NULL,NULL,NULL,NULL,NULL,NULL,NULL,NULL,NULL,NULL,NULL,NULL,NULL,NULL,NULL,NULL,NULL,NULL,NULL,NULL,NULL,NULL,NULL,NULL,NULL,NULL,NULL,NULL,NULL,NULL,NULL,NULL,NULL,NULL,NULL,NULL,NULL,NULL,NULL,NULL,NULL,NULL,NULL,NULL,NULL,NULL,NULL,NULL,NULL,NULL,NULL,NULL,NULL),(124,'EKKI YULIANAWATI, S.Pd.I','3208096807870004','KUNINGAN','1987-07-28','p','aktif',NULL,'','','',NULL,'0000-00-00',0,'belum',NULL,'','',NULL,'2015-11-20 03:09:08','2015-11-19 07:52:35','2015-11-20 03:09:08',NULL,NULL,NULL,NULL,NULL,NULL,NULL,NULL,NULL,NULL,NULL,NULL,NULL,NULL,NULL,NULL,NULL,NULL,NULL,NULL,NULL,NULL,NULL,NULL,NULL,NULL,NULL,NULL,NULL,NULL,NULL,NULL,NULL,NULL,NULL,NULL,NULL,NULL,NULL,NULL,NULL,NULL,NULL,NULL,NULL,NULL,NULL,NULL,NULL,NULL,NULL,NULL,NULL,NULL,NULL,NULL,NULL,NULL,NULL,NULL,NULL,NULL,NULL,NULL,NULL,NULL,NULL,NULL),(125,'EKKI YULIANAWATI, S.Pd.I','3208096807870004','KUNINGAN','1987-07-28','p','aktif',NULL,'','','',NULL,'0000-00-00',0,'belum',NULL,'','',NULL,'2015-11-20 03:09:34','2015-11-19 07:52:36','2015-11-20 03:09:34',NULL,NULL,NULL,NULL,NULL,NULL,NULL,NULL,NULL,NULL,NULL,NULL,NULL,NULL,NULL,NULL,NULL,NULL,NULL,NULL,NULL,NULL,NULL,NULL,NULL,NULL,NULL,NULL,NULL,NULL,NULL,NULL,NULL,NULL,NULL,NULL,NULL,NULL,NULL,NULL,NULL,NULL,NULL,NULL,NULL,NULL,NULL,NULL,NULL,NULL,NULL,NULL,NULL,NULL,NULL,NULL,NULL,NULL,NULL,NULL,NULL,NULL,NULL,NULL,NULL,NULL,NULL,NULL),(126,'EKKI YULIANAWATI, S.Pd.I','3208096807870004','KUNINGAN','1987-07-28','p','aktif',NULL,'','','',NULL,'0000-00-00',0,'belum',NULL,'','',NULL,'2015-11-20 03:09:56','2015-11-19 07:52:37','2015-11-20 03:09:56',NULL,NULL,NULL,NULL,NULL,NULL,NULL,NULL,NULL,NULL,NULL,NULL,NULL,NULL,NULL,NULL,NULL,NULL,NULL,NULL,NULL,NULL,NULL,NULL,NULL,NULL,NULL,NULL,NULL,NULL,NULL,NULL,NULL,NULL,NULL,NULL,NULL,NULL,NULL,NULL,NULL,NULL,NULL,NULL,NULL,NULL,NULL,NULL,NULL,NULL,NULL,NULL,NULL,NULL,NULL,NULL,NULL,NULL,NULL,NULL,NULL,NULL,NULL,NULL,NULL,NULL,NULL,NULL),(127,'EKKI YULIANAWATI, S.Pd.I','3208096807870004','KUNINGAN','1987-07-28','p','aktif',7,'175267 6ABC.jpg','110250','fullday',NULL,'2011-07-10',0,'menikah','RAHMAT SOLEH','LINGK. CIKETUG-RT: 003/007-WINDUHAJI-KUNINGAN','LINGK. CIKETUG-RT: 003/007-WINDUHAJI-KUNINGAN','081222176860','2015-11-20 03:10:18','2015-11-19 07:53:47','2015-11-20 03:10:18','TK MAWAR VIII ','SDN I WINDUHAJI','SMPN 2 KUNINGAN','SMAN 3 KUNINGAN',NULL,'IAIN SYEKH NURJATI CIREBON','TARBIYAH','IPA','BIOLOGI','','','','','','','','','','','','','','','','','','','','','','','','','','',NULL,NULL,'','','','GURU','REYYAN EL FAYYADH',NULL,'',NULL,'',NULL,'',NULL,'',NULL,'',NULL,'',NULL,'',NULL,'','','','','1993','2001','2003','2006','','2011',''),(128,'AAH SANI\'AH','-','KUNINGAN','1968-12-02','p','aktif',22,NULL,'-','fullday',NULL,'2015-07-01',0,'menikah','SUANDI','RT. 08 RW. 02 Desa Linggajati Kec. Cilimus Kab. Kuningan','RT. 08 RW. 02 Desa Linggajati Kec. Cilimus Kab. Kuningan','',NULL,'2015-11-19 07:53:52','2015-11-19 07:53:52','','','','',NULL,'','','','','','','','','','','','','','','','','','','','','','','','','','','','','','',NULL,NULL,'','','','BURUH','AGUS',NULL,'FADLAN',NULL,'',NULL,'',NULL,'',NULL,'',NULL,'',NULL,'',NULL,'','','','','','','','','','',''),(129,'PURI HANDAYANI','3208135205770005','KUNINGAN','1977-05-13','p','aktif',22,NULL,'-','fullday',NULL,'0000-00-00',0,'menikah','UMBA SUBANA','Dusun 02 RT. 08 RW. 02 Desa Llinggajati Kec. Cilimus Kab. Kuningan','Dusun 02 RT. 08 RW. 02 Desa Llinggajati Kec. Cilimus Kab. Kuningan','085864305416',NULL,'2015-11-19 07:57:14','2015-11-19 07:57:14','','','SMP','',NULL,'','','','','','','','','','','','','','','','','','','','','','','','','','','','','','',NULL,NULL,'','','','BURUH','ADAM RAMADI',NULL,'RATIH AYU QAMARA',NULL,'',NULL,'',NULL,'',NULL,'',NULL,'',NULL,'',NULL,'','','','','','','','','','',''),(130,'Mochamad Irfanuddin','3274032906910001','Cirebon','1991-06-23','l','aktif',8,'11403226_986521634713463_8647594771829050819_n.jpg','','fullday',NULL,'2015-06-23',0,'menikah','Navilatur Rizkiyani','Curug Kanggraksan Cirebon','Curug Kanggraksan Cirebon','085797372207',NULL,'2015-11-19 07:57:51','2015-11-19 07:57:51','TK SALAFIYAH CIREBON','MI DARUL MASHOLEH CIREBON','SMP AL HIKMAH2 BENDA BUMIAYU','MAK AL HIKMAH 2 BENDA BUMIAYU',NULL,'IAIN SYEKH NURJATI CIREBON','ADDIN','TAFSIR HADITS','TAFSIR HADITS','','','','','AL HIKMAH 2 BENDA','PONDOK PESANTREN','','','','','SMK BINA INSAN MANDIRI CIREBON','CIREBON','GURU KELAS','2014','2015','','','','','','','','','','','',NULL,NULL,'MAMPU BERBAHASA ARAB  INGGRIS','','','Ibu Rumah Tangga','',NULL,'',NULL,'',NULL,'',NULL,'',NULL,'',NULL,'',NULL,'',NULL,'','','','','1997','2004','2007','2011','','2015',''),(131,'OOH KARNIAH','3208135010710014','KUNINGAN','1971-10-10','p','aktif',22,NULL,'-','fullday',NULL,'2015-07-01',0,'menikah','SURATNO','Dusun 02 RW. 02 Desa Linggajati Kec. Cilimus Kab. Kuningan','Dusun 02 RW. 02 Desa Linggajati Kec. Cilimus Kab. Kuningan','081395558279',NULL,'2015-11-19 08:00:47','2015-11-19 08:00:47','','','','',NULL,'','','','','','','','','','','','','','','','','','','','','','','','','','','','','','',NULL,NULL,'','','','BURUH','HENRI SANADA WAHYU ABADI',NULL,'HENRA WAHYU WIBOWO',NULL,'REGI DESTRYANA PUTRA',NULL,'',NULL,'',NULL,'',NULL,'',NULL,'',NULL,'','','','','','','','','','',''),(132,'SOLIH SISWANTO','3208130107900084','KUNINGAN','1990-03-12','l','aktif',22,NULL,'-','fullday',NULL,'2015-07-01',0,'menikah','RISA NURGUSTIARI','Dusun 02 RT. 06 RW. 02 Desa Linggajati Kec. Cilimus Kab. Kuningan','Dusun 02 RT. 06 RW. 02 Desa Linggajati Kec. Cilimus Kab. Kuningan','081947184782',NULL,'2015-11-19 08:06:02','2015-11-19 08:06:02','Ciremai Indah Linggajati','SDN 1 Linggajati','SMPN 3 Cilimus','SMK 5 PUI Cilimus',NULL,'','','','','','','','','','','','','','','PT. Dharma Polimetal','Cikarang','Operator Produksi','','','','','','','','','','','','','',NULL,NULL,'','','','IRT','KHALISA WILDA SHALIHAH',NULL,'',NULL,'',NULL,'',NULL,'',NULL,'',NULL,'',NULL,'',NULL,'','','','','','','','','','',''),(133,'SITI KHODIJAH, S.Hum.I','3274035011920006','Cirebon','1992-11-10','p','aktif',8,'IMG_9999 copy.jpg','150333','boarding',NULL,'2015-01-01',0,'menikah','Muhamad Ariansyah','blok Pesantren RT/RW 04/02 Kota Cirebon','komplek ponpes terpadu Al Multazam','085797007579',NULL,'2015-11-19 14:20:26','2015-11-22 16:14:25','','MI ASH SHOFIYAH','SMP Terbuka 1 Harjamukti','MA SALAFIYAH',NULL,'IAIN SYEKH NURJATI CIREBON','Ushuluddin Adab Dakwah','SEJARAH PERADABAN ISLAM','','','','','','Ponpes Siti Fatimah','Pesantren','','','','','LEMBAGA SURVEI INDONESIA','JAKARTA','SURVEYOR','2013','2014','SDIT WADI FATIMAH','CIREBON','GURU','2014','2015','PMII KOTA CIREBON','BENDAHARA','PENGURUS MA\'HAD SITI FATIMAH','KETUA','LAZISWA AT TAQWA KOTA CIREBON','KORDINATOR RELAWAN',NULL,NULL,'mengajar sejarah','komputer','','Wali Asrama ponpes AL MULTAZAM','Sayyidah Ghina al Arobiyyatul Khodijah','  -  -    ','','  -  -    ','','  -  -    ','','  -  -    ','','  -  -    ','','  -  -    ','','  -  -    ','','  -  -    ','','','','','','2004','2007','2010','','2014',''),(134,'Nina Herlina','3208184711840002','Kuningan','1984-11-07','p','aktif',8,NULL,'080156','boarding',NULL,'2008-07-01',0,'menikah','Encu Ardiansyah','Dusun Malar Aman Rt. 10/09 Desa Cisantana, Kec. Cigugur, Kab. Kuningan','Area Ponpes Terpadu Al-Multazam','085222334447',NULL,'2015-11-19 14:56:50','2015-11-19 14:56:50','','SDN 2 Cisantana','MTsN Model CIgugur','SMAN 2 Kuningan',NULL,'Universitas Pendidikan Indonesia (UPI)','FPIPS','Pendidikan Ekonomi','Pendidikan Akuntansi','Universitas Kuningan (UNIKU)','Sekolah Pasca Sarjana','Pendidika Ekonomi','','Daarut Tauhid Bandung','Santri Siap Guna','Extra Gama','Kursus AKuntansi','Prodata','Kursus Komputer','DPU Daarut Tauhiid','Bandung','Consumer Service','2007','2008','Ponpes Terpadu Al-Multazam','Kuningan','Pengajar','2008','','SMAN 2 Kuningan','Anggota OSIS, Ketua Wartawan Sekolah','UPI','ANggota BEM Jurusan, Ketua kewirausahaan BEB Fakultas','Forum SIlaturahmi Musli (FSM)','Sekretars DIvisi An-Nisa',NULL,NULL,'Komputer,  Office dan correl','Memasak','Merajut','Guru','Syauqi Ayyash Al-Fatih',NULL,'',NULL,'',NULL,'',NULL,'',NULL,'',NULL,'',NULL,'',NULL,'','','','','','1997','2000','2003','','2007','2014'),(135,'EPA MUHOPILAH, S.Pd','3208184810850002','kuningan','1985-10-08','p','aktif',10,NULL,'-','boarding',NULL,'2012-02-12',0,'belum','','desa puncak dusun karanganyar rt17 rw 07 ','area Ponpes terpadu al-multazam','085316404844',NULL,'2015-11-19 14:56:59','2015-11-21 01:29:35','','SD Negeri 1 Puncak','SMP Negeri 6 Kuningan','SMA Negeri 1 Kuningan',NULL,'UNIVERSITAS KUNINGAN','FKIP','Pendidikan Ekonomi','S 1','','','','','','','','','','','Ganesha Smart','Kuningan','Pengajar','2010','2012','Al-Multazam','Kuningan','Wali Asrama','2012','','','','','','','',NULL,NULL,'merangkai hantaran','masak','','','','  -  -    ','','  -  -    ','','  -  -    ','','  -  -    ','','  -  -    ','','  -  -    ','','  -  -    ','','  -  -    ','','','','','','1997','2000','2003','','2009',''),(136,'DEDEH HAMIDAWATI','3208085405830003','kuningan','1983-05-14','p','aktif',8,'14 DEDEH.jpg','110253','fullday',NULL,'0000-00-00',0,'belum','','Dusun Manis rt 002 rw 002 desakec garawangi Kab. kuningan 45571 jabar','Dusun Manis rt 002 rw 002 desakec garawangi Kab. kuningan 45571 jabar','085224951013',NULL,'2015-11-20 00:24:22','2015-11-21 04:33:43','TK Nurul Huda','SDN 1 Garawangi','SMPN 1 Garawangi','SMAN 1 Garawangi',NULL,'UIN Sunan Gunung Djati Bandung','Psikologi','Psikologi','Psikologi','','','','','','','','','','','Guru PGTK','Bandung','Guru BK','Oktober 2009','Juli 2010','','','','','','OSIS','Sekertaris','LDK','Anggota','','',NULL,NULL,'','','','','zidan Muhammad Nabil Al Malik','  -  -    ','','  -  -    ','','  -  -    ','','  -  -    ','','  -  -    ','','  -  -    ','','  -  -    ','','  -  -    ','','','','','1991','1996','1999','2002','','2008',''),(137,'DEDE MUHAMMAD JUMHUR','','KUNINGAN','1987-04-30','l','aktif',9,NULL,'-','boarding',NULL,'2015-09-15',0,'belum','','DESA CIPASUNG KEC DARMA KAB KUNINGAN','PONPES TERPADU AL MULTAZAM','081221220832',NULL,'2015-11-20 01:07:34','2015-11-21 01:01:09','','','','MAN CIGUGUR',NULL,'','','','','','','','','PONPES AR RASYID','SALAFI','','','','','WIRAUSAHA','PURWOKERTO','BAGIAN LAPANGAN','2009','2015','','','','','','','','','','','',NULL,NULL,'FUTSAL','','','','','  -  -    ','','  -  -    ','','  -  -    ','','  -  -    ','','  -  -    ','','  -  -    ','','  -  -    ','','  -  -    ','','','','','','2007','','','','',''),(138,'ELI NURLAELI, S.Sos.I','3208215804800003','KUNINGAN','1980-04-18','p','aktif',8,NULL,'100231','fullday',NULL,'2010-07-10',0,'menikah','TEDI SYAHDILAH, S.Pd','Dusun Wage RT.08/04 Ds. Muncangela Kec.Cipicung Kuningan','Dusun. Wage Rt.08/04 Desa.Muncangela Kec. Cipicung Kuningan','085797388089',NULL,'2015-11-20 01:26:43','2015-11-20 01:28:27','','MUNCANGELA 1','MTsN Sindangsari','MA Swasta Benda Tasikmalaya ',NULL,'UIN Syarif Hidayatullah Jakarta','Dakwah dan Komunikasi','S1','Komunikasi Penyiaran Islam ','','','','','','','','','','','Ponpes Husnul Khotimah','Maniskidul Jalaksana ','Staf TU Data Siswa MA','2006','2008','','','','','','','','','','','',NULL,NULL,'','','','Guru ','Muhammad Alvan Nugraha',NULL,'Alvin Syifa\'ul Amin',NULL,'',NULL,'',NULL,'',NULL,'',NULL,'',NULL,'',NULL,'','','','','','1991','1995','1999','','2004',''),(139,'DUDUNG ABDUL KARIM, LC.','3208121910890001','KUNINGAN','1989-10-19','l','aktif',13,'DSC_0922.JPG','','boarding',NULL,'2013-06-22',0,'menikah','MEDINA AMANDA, SE.','DESA MANISKIDUL RT 015 / 003 JALAKSANA KUNINGAN JAWA BARAT 45554','KOMPLEK PONPES TERPADU AL MULTAZAM','081398333388',NULL,'2015-11-20 01:28:07','2015-11-20 01:28:09','','MIN ASHABUL MAIMANAH','MTS HUSNUL KHOTIMAH','MA HUSNUL KHOTIMAH',NULL,'AL IMAM MUHAMMAD IBNU SAUD LIPIA JAKARTA','SYARIAH','SYARIAH','SYARIAH','','','','','LPK BINA KARYA','KOMPUTER','LIPIA','KURSUS BAHASA','MENPORA','KEPEMIMPINAN','PRIVAT','BSD CITY','MENGAJAR','2009','2011','TRAINER','DEPOK','TRAINER','2010','2012','HUSNUL KHOTIMAH','KETUA MPS','LIPIA','KETUA ISLAH LIPIA','ISLAH','SEKJEND PRESIDEN ISLAH PUSAT DAN SEKARANG DI MEJLIS SYURO',NULL,NULL,'LEADERSHIP','MEMPENGARUHI','DIPLOMASI','BISNIS','RAZZAN NAWWAF ABDUL KARIM',NULL,'',NULL,'',NULL,'',NULL,'',NULL,'',NULL,'',NULL,'',NULL,'','','','','','2002','2005','2008','','2013',''),(140,'YUDI TAHJUDIN, S.Pd.I','3208232504880002','KUNINGAN','1988-04-25','l','aktif',9,'Yudi T.JPG','0','boarding',NULL,'2014-01-04',0,'menikah','QURROTUL \'AYUN','DUSUN 1 RT/02 RW/01 DESA WANO KEC. JAPARA KAB. KUNINGAN','DESA MANISKIDUL KEC. JALAKSANA KAB. KUNINGAN','085223229848',NULL,'2015-11-20 01:33:57','2015-11-21 06:18:24','','SDN WANO','MTs Arraswad','SMA AINURRAFIQ',NULL,'STAISA JAKARTA','TARBIYAN','PAI','PENDIDIKAN ISLAM','','','','','PP ULUMUDDIN CIREBON','PESANTREN','','','','','BAGIAN ADMINISTRASI','DS SUSUKAN KEC SUSUKAN KAB CIREBON','KEPALA TU','2008','2013','BAGIAN KEUANGAN','DS SUSUKAN KEC SUSUKAN KAB CIREBON','BENDAHARA ','2009','2013','PP ULUMUDDIN SUSUKAN CIREBON','ADMIN PSB','YPI AL MULTAZAM','ADMIN PRS','YPI AL MULTAZAM','KETUA MORSA 13',NULL,NULL,'KOMPUTER','ADMININTRASI','','GURU','','  -  -    ','','  -  -    ','','  -  -    ','','  -  -    ','','  -  -    ','','  -  -    ','','  -  -    ','','  -  -    ','','','','','','2001','2004','2007','','2012',''),(141,'YUSI PUJIWARASTUTI, S.Sos','3208165808780007','JAKARTA','1978-08-18','p','aktif',8,NULL,'110260','fullday',NULL,'2009-10-01',0,'menikah','CUCU SUPRIATNA, S.Sos','DESA PADAREK RT 08/RW 02 NO 212 KEC. KUNINGAN','DESA PADAREK RT 08/RW 02 NO 212 KEC. KUNINGAN','08112444411',NULL,'2015-11-20 01:39:57','2015-11-20 01:39:57','','SDN SEPAT MAJALENGKA','SMP PGRI LEUWIMUNDING','SMAN PALIMANAN',NULL,'UNIVERSITAS JENDERAL SOEDIRMAN','ILMU SOSIAL DAN ILMU POLITIK','SOSIOLOGI','SOSIOLOGI','','','','','','','','','','','PERTAMINA','INDRAMAYU','OPERATOR','2001','2003','SMA ITUS JALAKSANA','JALAKSANA','GURU SOSIOLOGI ','2005','2011','','','','','','',NULL,NULL,'','','','WIRASWASTA','ISNAINI THARIQUL QALBI',NULL,'TALITA TATSBITA SYAKIRA',NULL,'',NULL,'',NULL,'',NULL,'',NULL,'',NULL,'',NULL,'','','','','','1987','1993','1996','','2000',''),(142,'DWI SUGIARTO','3506263012930001','KEDIRI','1993-12-30','l','aktif',9,'DSC_0013.JPG','','boarding',NULL,'2014-08-10',6,'belum','','DUSUN SUROWONO, DESA CANGGU, KEC BADAS, KAB KEDIRI','PONPES TERPADU AL-MULTAZAM','085735394922','2015-11-20 03:06:00','2015-11-20 01:40:37','2015-11-20 03:06:00','TK DHARMA WANITA','SDN CANGGU 1','SMP DHARMA WANITA','SMK CANDA BHIRAWA',NULL,'','','','','','','','','GALAXI','KURSUS BAHASA INGGRIS','KHRISNA','KURSUS BAHASA INGGRIS','','','RAFTING AND OUTBOND','KANDANGAN-KEDIRI','GUIDE','2012','2014','','','','','','BEM GENTA','','','','','',NULL,NULL,'BAHASA INGGRIS','','','','',NULL,'',NULL,'',NULL,'',NULL,'',NULL,'',NULL,'',NULL,'',NULL,'DIPLOMA GENTA','','PENDIDIKAN','BAHASA INGGRIS','2001','2006','2009','2012','2014','',''),(143,'HERI DONO SUSILO, S.Kep.Ners','3208160101890005','KUNINGAN','1989-01-01','l','aktif',9,'IMG-20151120-00277.jpg','-','fullday',NULL,'2014-09-01',6,'menikah','AJUN NURIA INDAH SARI','DUDUN MANIS DESA KARANGMANGU KEC KRAMATMULYA','DUDUN MANIS DESA KARANGMANGU KEC KRAMATMULYA','082127805307',NULL,'2015-11-20 01:55:40','2015-11-21 01:06:26','','MI PUI KARANGMANGU','SLTPN 1 JALAKSANA','SMK MUHAMMADIYAH 2 KUNINGAN',NULL,'STIKES CIREBON','S1 KEPERAWATAN','PERAWAT','S1 PROFESI NERS ','','','','','','','','','','','','','','','','','','','','','BEM STIKES CIREBON','ANGGOTA','TAPAK SUCI','ANGGOTA','','',NULL,NULL,'','','','IRT','','  -  -    ','','  -  -    ','','  -  -    ','','  -  -    ','','  -  -    ','','  -  -    ','','  -  -    ','','  -  -    ','','','','','','2001','2004','2007','','2012',''),(144,'PITRIAH INDRIANI, S. Pd.','','KUNINGAN','1988-06-21','p','aktif',8,NULL,'110257','fullday',NULL,'2011-07-01',0,'menikah','ARIS FIRMANSYAH','DESA ANCARAN KEC. KUNINGAN KAB. KUNINGAN','DESA MANIS KIDUL KEC. JALAKSANA KAB. KUNINGAN','085724677682',NULL,'2015-11-20 01:58:31','2015-11-20 01:58:31','TK BINA TUNAS WARGA','SD NEGERI 1 ANCARAN','SMP NEGERI 4 KUNINGAN','MAN CIAWIGEBANG',NULL,'UNIVERSITAS KUNINGAN','FAKULTAS KEGURUAN DAN ILMU PENDIDIKAN','BAHASA DAN SENI INDONESIA','PENDIDIKAN BAHASA DAN SASTRA INDONESIA','','','','','','','','','','','PT. GALIH ESTETIKA','BANDORASA-KUNINGAN','KARYAWAN','JUNI 2007','FEBRUARI 2008','TKA/TPA/MDA AR-ROSYID DAN AL-AMIN','PURWAWINANGUN-KUNINGAN','GURU TPA/MDA','MEI 2008','FEBRUARI 2011','LEMBAGA DAKWAH KAMPUS AL-KAHFI UNIKU','BENDAHARA','LEMBAGA SWADAYA MASYARAKAT SUARA ANAK BANGSA (SABANG)','BENDAHARA','TARUNA TANI CIKIRAY ANCARAN','ANGGOTA',NULL,NULL,'','','','PEGAWAI SWASTA','',NULL,'',NULL,'',NULL,'',NULL,'',NULL,'',NULL,'',NULL,'',NULL,'','','','','1995','2001','2004','2007','','2011',''),(145,'MUHAMMAD TRI APRILIANTO, SE','3208070404890012','KUNINGAN','1989-04-04','l','aktif',13,'9791_4777814698589_3222259105496069824_n.jpg','-','fullday',NULL,'2015-07-01',0,'menikah','LIA DWI MARTIKA','DUSUN PAHING DESA/KEC LEBAKWANGI','DUSUN PAHING DESA/KEC LEBAKWANGI','081324026412',NULL,'2015-11-20 02:05:16','2015-11-21 01:24:56','','SDN I 1 LEBAKWANGI','SMPN 1 LEBAKWANGI','SMAN 1 LURAGUNG',NULL,'UNIVERSITAS KUNINGAN','EKONOMI','AKUNTANSI','','','','','','EXPRESS KUNINGAN','BAHASA INGGRIS','','','','','SDN 2 LEBAKWANGI','DESA LEBAKWANGI','OPERATOR SEKOLAH','2013','2015','','','','','','LDK AL-KAHFI UNIKU','KABID KADERISASI','','','','',NULL,NULL,'','','','PEGAWAI SWASTA','AFIFA MAHIRA LUBNA','  -  -    ','','  -  -    ','','  -  -    ','','  -  -    ','','  -  -    ','','  -  -    ','','  -  -    ','','  -  -    ','','','','','','2000','2004','2007','','2011',''),(146,'RIZQILLAH NASUTION, S.Pd.I','3208162501880002','MEDAN','1988-01-25','l','aktif',9,'rizqy.JPG','-','boarding',NULL,'2015-07-01',0,'belum','','Desa Karangmangu Rt.17 Rw.04 Dusun Wage Kecamatan Kramatmulya Kabupaten Kuningan ','Ponpes Terpadu Al-Multazam Kuningan','085282747221',NULL,'2015-11-20 02:06:06','2015-11-21 00:58:35','','SD Negeri Karangmangu','MTs Negeri Jalaksana','MA Negeri Cigugur',NULL,'STAI ACPRILESMA','TARBIYAH','PENDIDIKAN','IPA ','','','','','','','','','','','Operator Produksi','PT. SANYO INDONESIA','Operator','2007','2008','Operator Komputer','PUBA COM Jalaksana','Operator','2013','2015','MTs Negeri Jalaksana','Pengurus OSIS dan Pramuka','MA Negeri Cigugur','Pengurus OSIS dan Pramuka','','',NULL,NULL,'Operator Komputer','','','','','  -  -    ','','  -  -    ','','  -  -    ','','  -  -    ','','  -  -    ','','  -  -    ','','  -  -    ','','  -  -    ','','','','','','2000','2003','2006','','2013',''),(147,'SOLEHUDIN LUTHFI, SE','3208160611900004','KUNINGAN','1990-11-06','l','aktif',13,'12029744_1009366712417885_6348597021718931172_o.jpg','-','fullday',NULL,'2015-07-25',0,'menikah','GINNI ANNISA FEBRIANI','KAMPUNG MANIS RT/RW 01/01 DESA/KEC. KRAMATMULYA KABUPATEN KUNINGAN','KAMPUNG MANIS RT/RW 01/01 DESA/KEC. KRAMATMULYA KAB. KUNINGAN','085295531909',NULL,'2015-11-20 02:12:25','2015-11-23 02:28:43','','MI PUI CIKASO','MTS PUI CIKASO','MA JALAKSANA',NULL,'STKIP','KEGURUAN','PENDIDIKAN EKONOMI','PENDIDIKAN EKONOMI AKUNTANSI','','','','','','','','','','','','','','','','','','','','','','','','','','',NULL,NULL,'','','','GURU','Callista Zahra Syauqia','  -  -    ','','  -  -    ','','  -  -    ','','  -  -    ','','  -  -    ','','  -  -    ','','  -  -    ','','  -  -    ','','','','','','2002','2005','2008','','2013',''),(148,'AGUS SOFYANI','3208121108870004','KUNINGAN','1987-08-11','l','aktif',9,'Wali_Asrama_AM (7).JPG','0','boarding',NULL,'0000-00-00',0,'menikah','Heni Carkini','RT 07, RW 02, Desa Jalaksana, Kabupaten KUningan, Jawa Barat','YPI Al-Multazam Husnul Khotimah Desa Maniskidul Kecamatan Jalaksana Kabupayen Kuningan','085324100465',NULL,'2015-11-20 02:17:47','2015-11-23 03:02:55','','SDN 1 Jalaksana','SMPN 1 Jalaksana','SMAN 1 Jalaksana',NULL,'','','','','','','','','FEE Center','Kursus bahasa Inggris','','','','','','','','','','','','','','','Lembaga Seni Beladiri Himatul Iman','Kerohanian','BEM STAI Cirebon','Anggota','','',NULL,NULL,'Terapi Bekam','Service Handphone','Komunikasi aktif bahasa Inggris','Karyawan Swasta','','  -  -    ','','  -  -    ','','  -  -    ','','  -  -    ','','  -  -    ','','  -  -    ','','  -  -    ','','  -  -    ','','','','','','2000','2003','2006','','',''),(149,'ABDAN SYAKURO','3209132308940001','Cirebon','1994-08-23','l','aktif',9,'Wali_Asrama_AM (8).JPG','0','boarding',NULL,'2012-09-01',0,'belum','','Ciawigajah','Ponpes Al-Multazam','083824003394',NULL,'2015-11-20 02:32:20','2015-11-23 03:04:46','Al-Ukhuwah Ciawigajah','SDN 1 Ciawigajah','MTs Al-Ma\'mur Ciawigajah','SMK SWADAYA PUI Cilimus',NULL,'','','','','','','','','','','','','','','','','','','','','','','','','','','','','','',NULL,NULL,'','','','','','  -  -    ','','  -  -    ','','  -  -    ','','  -  -    ','','  -  -    ','','  -  -    ','','  -  -    ','','  -  -    ','','','','','2000','2006','2009','2012','','',''),(150,'FATAHILLAH NASUTION, Pd.I','3208161210860004','MEDAN','1986-10-12','l','aktif',9,'Bebas.jpg','-','boarding',NULL,'2014-06-24',0,'belum','','Desa Karangmangu RT17/RW06 Kamp.Wage Kec. Kramatmulya Kab.Kuningan','PonPes Al Multazam-Kuningan','085222027291',NULL,'2015-11-20 02:34:13','2015-11-21 01:02:55','','SDN KARANGMANGU I','MTsN JALAKSANA','MAN CIGUGUR',NULL,'STAI TIARA JAKARTA','TARBIYAH','PENDIDIKAN','PAI','','','','','','','','','','','PT. MATAHARI TERBIT','DAYEUH KOLOT','OPERATOR','2007','2008','PonPes Terpadu Al Kahfi','Jl. SPN Lido Desa Srogol Kec. Cigombong Kab. Bogor','Staf Administrasi','2008','2013','MTsN Jalaksana','Pengurus OSIS','MAN CIGUGUR','Pengurus OSIS','POLRES KUNINGAN','Anggota Saka Bhayangkara Kuningan',NULL,NULL,'Operator Komputer','','','','','  -  -    ','','  -  -    ','','  -  -    ','','  -  -    ','','  -  -    ','','  -  -    ','','  -  -    ','','  -  -    ','','','','','','1999','2002','2005','','2011',''),(151,'YAYAT HIDAYAT, S.Sos.I','3211181104830015','Sumedang','1983-04-11','l','aktif',9,'yayat edit.jpg','','boarding',NULL,'2015-07-01',0,'menikah','HIKMAH FATIHAH NASUTION','Dusun Wage Rt 017Rw 006 Desa Karangmangu Kecamatan Kramatmulya Kuningan','Ponpes Terpadu Al Multazam','085776686736','2015-11-20 05:55:04','2015-11-20 02:35:51','2015-11-20 05:55:04','','SDN Tegal kalong 1','SLTPN 4 Sumedang','SMKN 1 Sumedang',NULL,'UIN Sunan Gunung Djati Bandung','Dakwah dan Komunikasi','Pengembangan Masyarakat Islam','Strata 1','','','','','Daarut Tauhiid','Pesantren modern','','','','','Al Kahfi','Bogor','Wali Asrama','2010','2013','SDIT Qordova','Ranacaekek Bandung','Guru Wali Kelas','2013','2015','BEM Jurusan','Bendahara','LDM (Lembaga dakwah Mahasiswa)','Anggota','','',NULL,NULL,'Komputer dasar','','','Ibu Rumah Tangga','MUHAMMAD DAFFA FADHILLATUL HAQ',NULL,'',NULL,'',NULL,'',NULL,'',NULL,'',NULL,'',NULL,'',NULL,'','','','','','1996','1999','2002','','2009',''),(152,'AMAM FU\'ADILLAH','3208160810920005','Kuningan','1992-10-08','l','aktif',9,NULL,'-','boarding',NULL,'2015-07-01',0,'belum','','dusun manis RT 003 RW 001 desa cikubangsari,kec.kramatmulya,kab kuningan','ponpes Almultazam','089691267818',NULL,'2015-11-20 02:36:55','2015-11-21 00:59:40','','sd gandasoli 1','Mts mursyidul falah','MA mursyidul Falah',NULL,'','','','','','','','','balai lapangan kerja','kursus komputer','balai lapangan kerja','kursus menjahit','','','ITUS','peusing.jalaksana.kuningan','kebersihan','juni 2014','desember 2014','','','','','','Ikatan remaja masjid','ketua','osis','sekretaris','','',NULL,NULL,'','','','','','  -  -    ','','  -  -    ','','  -  -    ','','  -  -    ','','  -  -    ','','  -  -    ','','  -  -    ','','  -  -    ','','','','','','2005-2','2006-2','2009-2','','',''),(153,'HENDA NURHOLIP','3213140503930003','SUBANG','1993-03-05','l','aktif',9,NULL,'','boarding',NULL,'2014-06-16',0,'belum','','Kp CIKARAMAS, Ds CIKAWUNG, Kec TANGJUNGSIANG','Pondok Pesantren Al-multazam','082315775843/085773924732',NULL,'2015-11-20 02:48:38','2015-11-20 02:48:38','','MI CIPETIR','MTs M CIKARAMAS','MA M TANJUNG SARI',NULL,'','','','','','','','','Lembaga Tahfizd qur\'an (LTQ) Al-multazam','TAHFIZD QUR\'AN','','','','','','','','','','','','','','','MTs M Cikaramas','Pengurus OSIS Dan Pramuka','MA Tanjung Sari','Penurus IPM','Ikatan Remaja Mesjid (IRMA)','Pengurus IRMA',NULL,NULL,'','','','','',NULL,'',NULL,'',NULL,'',NULL,'',NULL,'',NULL,'',NULL,'',NULL,'','','','','','2005','2008','2011','','',''),(154,'IMAN FIRMANSYAH','3208162004900003','KUNINGAN','1990-04-20','l','aktif',9,NULL,'','boarding',NULL,'2015-07-01',0,'belum','','RT.20 RW.08 DESA KARANGMANGU KECAMATAN KARAMATMULYA KABUPATEN KUNINGAN JAWA BARAT','PONPES TERPDU AL-MULTAZAM DESA MANIS KIDUL KECAMATAN JALAKSANA KABUPATEN KUNINGAN','08774435413',NULL,'2015-11-20 03:02:54','2015-11-20 03:02:54','AL-MUNAWAROH KARANGMANGU','SD NEGERI 1 KARANGMANGU','SMP NEGERI 1 KARAMATMULYA','SMA NEGERI 1 JALAKSANA',NULL,'STKIP MUHAMADIYAH KUNINGAN','FKIP','OLAHRAGA','PENDIDIKAN JASMANI KESEHATAN DAN REKREASI (PJKR)','','','','','','','','','','','SALES','PT.MAYORA SUB DIS SERANG BANTEN','SALES CANVAS','2013','2014','GURU','SDIT AL-ISTIQOMAH','GURU OLAHRAGA','2014 ','2015','IKATAN MAHASISWA MUHAMADIYAH','KABID HUMAS','HIMPUNAN MAHASISWA ISLAM','WASEKUM PA','BEM STKIP MUHAMADIYAH KUNINGAN','MENHANKAM',NULL,NULL,'KARATE','ATLETIK','','','',NULL,'',NULL,'',NULL,'',NULL,'',NULL,'',NULL,'',NULL,'',NULL,'','','','','1996','2002','2005','2008','','2013',''),(155,'DWI SUGIARTO','3506263012930001','KEDIRI','1993-12-30','l','aktif',9,'DSC_0013.JPG','','boarding',NULL,'2014-08-10',0,'belum','','DUSUN  SUROWONO, DESA CANGGU, KEC BADAS, KAB KEDIRI','PONPES TERPADU AL-MULTAZAM','085735394922',NULL,'2015-11-20 03:15:25','2015-11-20 03:15:25','TK DHARMA WANITA','SDN CANGGU 1','SMP DHARMA WANITA','SMK CANDA BHIRAWA',NULL,'','','','','','','','','GALAXI','ENGLISH COURSE','KHRISNA','ENGLISH COURSE','','','RAFTING AND OUTBOND','KANDANGAN-KEDIRI','GUIDE','2012','2014','','','','','','BEM GENTA','ANGGOTA SDM','','','','',NULL,NULL,'BAHASA INGGRIS','','','','',NULL,'',NULL,'',NULL,'',NULL,'',NULL,'',NULL,'',NULL,'',NULL,'DIPLOMA GENTA','PENDIDIKAN','BAHASA INGGRIS','BAHASA INGGRIS','2001','2006','2009','2012','2014','',''),(156,'IIS ROISYATUL UMAH, M.Pd','3208136206860007','KUNINGAN','1986-06-22','p','aktif',8,NULL,'090209','fullday',NULL,'2009-06-01',6,'menikah','DENI SURATMAN','JL.VETERAN LINGK.PASAPEN RT.007 RW.003','PERUMAHAN MUTIARA KASTURI (PMK) BLOK B6 NO.15','081320631579',NULL,'2015-11-20 03:24:59','2015-11-20 03:24:59','','SDN CILIMUS IV','SMPN 1 CILIMUS','SMAN 1 CILIMUS',NULL,'IAIN SYEH NURJATI CIREBON','TARBIYAH','PENDIDIKAN MATEMATIKA','MATEMATIKA','STKIP SILIWANGI BANDUNG','PENDIDIKAN','PENDIDIKAN MATEMATIKA','MATEMATIKA','','','','','','','','','','','','','','','','','','','','','','',NULL,NULL,'','','','WIRASWASTA','WAFA AL GHONIYYAH',NULL,'',NULL,'',NULL,'',NULL,'',NULL,'',NULL,'',NULL,'',NULL,'','','','','','1998','2001','2004','','2009','2015'),(157,'ADE ZEZEN MOHAMAD ZAENAL MUTTAQIEN','3208091005900010','KUNINGAN','1990-05-10','l','aktif',9,'Wali_Asrama_AM (5).JPG','0','boarding',NULL,'2011-02-19',0,'belum','','DUSUN PUHUN RT 011 RW 003 DESA ANCARAN KEC. KUNINGAN KAB. KUNINGAN','PONPES AL-MULTAZAM DESA MANISKIDUL','089690565950',NULL,'2015-11-20 03:34:32','2015-11-23 03:06:11','','SDN ANCARAN 1','MTS. MASYARIQUL ANWAR PUSAT CARINGIN - BANTEN','MA. MASYARIQUL ANWAR PUSAT CARINGIN - BANTEN',NULL,'','','','','','','','','PONDOK PESANTREN NURUD DAKWAH','PESANTREN','','','','','','','','','','','','','','','OSIS MTS','KETUA','OSIS MA','KETUA','SEKOLAH TINGGI','PRESIDEN',NULL,NULL,'DESAINER','','','','','  -  -    ','','  -  -    ','','  -  -    ','','  -  -    ','','  -  -    ','','  -  -    ','','  -  -    ','','  -  -    ','','','','','1998','2003','2006','2009','','',''),(158,'ISAH','3208134205550001','KUNINGAN','1955-05-02','p','aktif',22,NULL,'-','fullday',NULL,'2015-07-01',0,'menikah','ENCENG SAMSURI','Dusun 03 Cipaku RT. 014 RW. 03 Desa Linggajati Kec. Cilimus Kab. Kuningan','Dusun 02 Cipaku RT. 06 RW. 02 Desa Linggajati Kec. Cilimus Kab. Kuningan','081295198200',NULL,'2015-11-20 03:56:30','2015-11-20 03:56:30','','','','',NULL,'','','','','','','','','','','','','','','','','','','','','','','','','','','','','','',NULL,NULL,'','','','Buruh','',NULL,'',NULL,'',NULL,'',NULL,'',NULL,'',NULL,'',NULL,'',NULL,'','','','','','','','','','',''),(159,'ARIEF NURYADIN, S.P','3208121302910001','KUNINGAN','1991-02-13','l','aktif',9,'img017.jpg','','boarding',NULL,'2015-07-01',0,'belum','','Kamp. Cilengek RT/RW 13/03 Desa Babakanmulya Kec Jalaksana','Ponpes Terpadu Al-Multazam Desa Maniskidul Kec Jalaksana','085221310649',NULL,'2015-11-20 03:57:06','2015-11-20 03:57:06','TK SEJAHTERA III DESA BABAKANMULYA','SDN 1 BABAKANMULYA','MTs N JALAKSANA','SMKN  1 KUNINGAN',NULL,'UNIVERSITAS SWADAYA GUNUNG DJATI CIREBON','PERTANIAN','PERTANIAN','AGROTEKNOLOGI','','','','','','','','','','','','','','','','','','','','','IKATAN REMAJA MASJID DESA BABAKANMULYA - JALAKSANA','ANGGOTA','KARANGTARUNA KARYA MUKTI DESA BABAKANMULYA - JALAKSANA','SEKRETARIS','BEM FAKULTAS PERTANIAN','ANGGOTA',NULL,NULL,'','','','','',NULL,'',NULL,'',NULL,'',NULL,'',NULL,'',NULL,'',NULL,'',NULL,'','','','','1998','2003','2006','2009','','2013',''),(160,'LILI SOLIHIN','3208130107810224','KUNINGAN','1981-12-16','l','aktif',22,NULL,'-','fullday',NULL,'2015-07-01',0,'belum','','Dusun 01 RT. 004 RW. 001 Desa Linggajati Kec. Cilimus Kab. Kuningan','Dusun 01 RT. 004 RW. 001 Desa Linggajati Kec. Cilimus Kab. Kuningan','087723538790',NULL,'2015-11-20 04:04:41','2015-11-20 04:04:41','','SD Linggajati 2','SMPN 2 Cilimus','SMEA YALTI Cilimus',NULL,'','','','','','','','','LPK YALTI Cilimus','Pendidikan Komputer','','','','','PT. Jaya Fibrido Karsa Pratama','Cikarang, Bekasi Jawa Barat','Operator','','','PT. Sony Electronic Indonesia','Cibitung, Bekasi, Jawa Barat','Operator','','','OSIS SMEA YALTI Cilimus','Ketua','IRMAS Mesjid Nurul Falah','Ketua IRMAS 1999 - 2000','','',NULL,NULL,'','','','','',NULL,'',NULL,'',NULL,'',NULL,'',NULL,'',NULL,'',NULL,'',NULL,'','','','','','','','','','',''),(161,'KUSWATI','3208135306570004','KUNINGAN','1957-06-13','p','aktif',22,NULL,'-','fullday',NULL,'2015-07-01',0,'menikah','TOTO KANTA','Dusun 02 RT. 06 RW. 02 Desa Linggajati Kec. Cilimus Kab. Kuningan','Dusun 02 RT. 06 RW. 02 Desa Linggajati Kec. Cilimus Kab. Kuningan','081218619019',NULL,'2015-11-20 04:11:19','2015-11-20 04:11:19','','','','',NULL,'','','','','','','','','','','','','','','','','','','','','','','','','','','','','','',NULL,NULL,'','','','BURUH','DIDI JUHNADI',NULL,'ETIN SUHARTINI',NULL,'WAWAN SETIAWAN',NULL,'',NULL,'',NULL,'',NULL,'',NULL,'',NULL,'','','','','','','','','','',''),(162,'NURKHASANAH','3209245606770006','CIREBON','1977-06-16','p','aktif',22,NULL,'-','fullday',NULL,'2015-07-01',0,'menikah','MAMAN ASMAN','Dusun Lurah RT. 07 RW. 02 Desa Linggajati Kec. Cilimus Kab. Kuningan','Dusun Lurah RT. 07 RW. 02 Desa Linggajati Kec. Cilimus Kab. Kuningan','089627738316',NULL,'2015-11-20 04:15:31','2015-11-20 04:15:31','','','','',NULL,'','','','','','','','','','','','','','','','','','','','','','','','','','','','','','',NULL,NULL,'','','','WIRASWASTA','',NULL,'',NULL,'',NULL,'',NULL,'',NULL,'',NULL,'',NULL,'',NULL,'','','','','','','','','','',''),(163,'AAH RUKIAH','3208136709730006','KUNINGAN','1973-09-27','p','aktif',22,NULL,'-','fullday',NULL,'2015-07-01',0,'cerai','PUPUN SABANA (Alm)','Dusun 1 Dukuh RT. 001 RW. 001 Desa Linggajati KEc. Cilimus Kab. Kuningan','Dusun 1 Dukuh RT. 001 RW. 001 Desa Linggajati KEc. Cilimus Kab. Kuningan','085318062702',NULL,'2015-11-20 04:19:18','2015-11-20 04:19:18','','','','',NULL,'','','','','','','','','','','','','','','','','','','','','','','','','','','','','','',NULL,NULL,'','','','','IRAVAN IRAWAN',NULL,'ERIK HADID RAHMAN',NULL,'',NULL,'',NULL,'',NULL,'',NULL,'',NULL,'',NULL,'','','','','','','','','','',''),(164,'IDAH ROIDAH','3208137010600001','KUNINGAN','1960-10-30','p','aktif',22,NULL,'-','fullday',NULL,'2015-07-01',0,'menikah','MUHAMMAD THOLIB','Dusun 02 Lurah RT. 09 RW. 02 Desa Linggajati Kec. Cilimus Kab. Kuningan','Dusun 02 Lurah RT. 09 RW. 02 Desa Linggajati Kec. Cilimus Kab. Kuningan','089650844988',NULL,'2015-11-20 04:23:34','2015-11-20 04:23:34','','','','',NULL,'','','','','','','','','','','','','','','','','','','','','','','','','','','','','','',NULL,NULL,'','','','BURUH','INA LISTIANA',NULL,'YANTO',NULL,'YONO HARYONO',NULL,'DIAN SUNARTO',NULL,'DESI SELASARI',NULL,'',NULL,'',NULL,'',NULL,'','','','','','','','','','',''),(165,'SARITA','3208134804600004','KUNINGAN','1960-04-08','p','aktif',22,NULL,'-','fullday',NULL,'2015-07-01',0,'cerai','UCUP (Alm)','Dusun 02 RT. 010 RW. 002 Desa Linggajati Kec. Kuningan','Dusun 02 RT. 010 RW. 002 Desa Linggajati Kec. Kuningan','',NULL,'2015-11-20 04:26:18','2015-11-20 04:26:18','','','','',NULL,'','','','','','','','','','','','','','','','','','','','','','','','','','','','','','',NULL,NULL,'','','','Petani','SUPRIATNA',NULL,'MAMAT RUHIYAT',NULL,'',NULL,'',NULL,'',NULL,'',NULL,'',NULL,'',NULL,'','','','','','','','','','',''),(166,'NINING SUNINGSIH','3208136505760006','KUNINGAN','1976-05-25','p','aktif',22,NULL,'-','fullday',NULL,'2015-07-01',0,'cerai','AHIM DURAHIM (Alm)','Dusun 02 RT. 010 RW. 02 Desa Linggajati Kec. Cilimus Kab. Kuningan','Dusun 02 RT. 010 RW. 02 Desa Linggajati Kec. Cilimus Kab. Kuningan','087744351983',NULL,'2015-11-20 04:29:29','2015-11-20 04:29:29','','','','',NULL,'','','','','','','','','','','','','','','','','','','','','','','','','','','','','','',NULL,NULL,'','','','','RIKKA DELLIA PARAMITHA',NULL,'DERA PRISKA DWI SYAMSI',NULL,'',NULL,'',NULL,'',NULL,'',NULL,'',NULL,'',NULL,'','','','','','','','','','',''),(167,'NUR FADLI, S.Pd','3208120110880001','PATI','1988-10-01','l','aktif',8,'100_6131 .jpg','130307','',NULL,'2013-07-01',0,'menikah','DIAH WIDYANINGSIH','RT.14 RW.05 Desa Karangmangu Kecamatan Kramatmulya Kabupaten Kuningan','Rt.14 Rw. 05 Desa Karangmangu Kecamatan Kramatmulya Kabupaten Kuningan','085724049298',NULL,'2015-11-20 04:29:29','2015-11-20 04:29:29','TK YPRU','SDN 1 JETAK','MTS MADARIJUL ULUM','MA PONPES RAUDLATUL ULUM PATI',NULL,'UNIVERSITAS KUNINGAN','FKIP','PENDIDIKAN MIPA','PENDIDIKAN BIOLOGI','','','','','','','','','','','KOPERASI PONPES HUSNUL KHOTIMAH','Desa Maniskidul Kecamatan Jalaksana Kabupaten Kuningan','Kepala Gudang ','2006','2013','','','','','','ISRU (Ikatan Santri Raudlatul Ulum)','Sekretaris','HIMA (Himpunan Mahasiswa Biologi)','Anggota','LDK AL-KAHFI (Lembaga Dakwah Kampus)','PJ Tarbiyah',NULL,NULL,'','','','IRT','RAFLI ABQARI FADHLURRAHMAN',NULL,'',NULL,'',NULL,'',NULL,'',NULL,'',NULL,'',NULL,'',NULL,'','','','','1994','2000','2003','2006','','2011',''),(168,'Lukman Khakim.S.Pd.I','3329052306880003','Brebes','1988-06-23','l','aktif',8,'IMG_5135.JPG','','boarding',NULL,'2015-08-15',0,'belum','-','Kaliloka Atas Rt 02 Rw 03 Kec. Sirampog Kab. Brebres','Kaliloka Atas Rt 02 Rw 03 Kec. Sirampog Kab. Brebres','081233827112 / 085645768208','2015-11-20 05:35:59','2015-11-20 04:40:51','2015-11-20 05:35:59','-','SD Negeri 01 Kaliloka','SLTP Negeri 01 Sirampog','Pondok Modern Darussalam Gontor (PMDG) ',NULL,'Institut Study Islam Darussalam (ISID)','Tarbiyah','','Pendidikan Agama Islam (PAI)','','','','','Darussalam Computer Center (DCC) PMDG','Kursus Komputer ','','','','','Mengajar di PMDG 2','Pondok Modern Darussalam Gontor 2, Madusari-Siman-Ponorogo-JATIM','Guru','2008','2015','Administrasi Pondok','Pondok Modern Darussalam Gontor 2, Madusari-Siman-Ponorogo-JATIM','Staf Administrasi','2009','2014','OPPM (Organisasi Pelajar Pondok Modern) Gontor 3','Bendahara Pusat','Panitia Ujian Akhir Tahun','Ketua','','',NULL,NULL,'','','','-','',NULL,'',NULL,'',NULL,'',NULL,'',NULL,'',NULL,'',NULL,'',NULL,'','','','','','2001','2004','2008','','2012',''),(169,'RAHMAT SOLEH, S.Pd.I','3212030408860003','INDRAMAYU','1986-08-04','l','aktif',8,'AN010252.JPG','','fullday',NULL,'2007-06-01',0,'menikah','EKKI YULIANAWATI','Lingk. Ciketug, Rt: 003/007, Winduhaji,Kuningan','Lingk. Ciketug, Rt: 003/007, Winduhaji,Kuningan','081335828290',NULL,'2015-11-20 04:43:05','2015-11-20 04:43:06','','SDN DRUNNTEN III ','MTS HUSNUL KHOTIMAH','MA HUSNUL KHOTIMAH',NULL,'IAIN SYEKH NURJATI CIREBON','TARBIYAH','','Pend. Bahasa Inggris','','','','','MAHESA','KURSUS BAHASA INGGRIS','BEC','KURSUS BAHASA INGGRIS','GREEN COURSE','KURSUS BAHASA INGGRIS','SDIT SYIFA FIKRIYA','SERANG - BANTEN','GURU','2006','2007','','','','','','OSHK (Organisasi Santri Husnul Khotimah','Anggota Divisi Kesenian','LDK AL-UKHUWAH CIREBON','Kepala Departemant Bahasa','','',NULL,NULL,'','','','GURU','REYYAN EL FAYYADH',NULL,'',NULL,'',NULL,'',NULL,'',NULL,'',NULL,'',NULL,'',NULL,'','','','','','1999','2002','2005','','2013',''),(170,'EKA WAHYUDI HIDAYAT, SE','3208121512840007','KUNINGAN','1984-12-15','l','aktif',19,NULL,'0','fullday',NULL,'2005-07-01',0,'menikah','OMAH NURROHMAH','DUSUN SATU RT/RW 005/001 DESA MANISKIDUL KEC.JALAKSANA KAB. KUNINGAN','DUSUN SATU RT/RW 005/001 DESA MANISKIDUL KEC. JALAKSANA KAB. KUNINGAN','085295757771',NULL,'2015-11-20 05:50:12','2015-11-20 05:50:12','TK AISYIAH','MIN MANISKIDUL','MTS 24 MANISLOR','MA PUI CILIMUS',NULL,'UNIVERSITAS KUNINGAN','EKONOMI','MANAJEMEN','MANAJEMEN','','','','','','','','','','','','','','','','','','','','','','','','','','',NULL,NULL,'','','','IRT','ADLIE KHAIRY NASYWAN',NULL,'SHOFIYA AZKADINA SILMY',NULL,'',NULL,'',NULL,'',NULL,'',NULL,'',NULL,'',NULL,'','','','','1990','1996','2000','2003','','2015',''),(171,'LUKMAN KHAKIM.S.Pd.I','3329052306880003','Brebes','1988-06-23','l','aktif',8,'IMG_5135.JPG','150339','boarding',NULL,'2015-08-15',0,'belum','-','Kaliloka Rt 02 Rw 03, Kec. Sirampog Kab. Brebes JATENG','Kaliloka Rt 02 Rw 03, Kec. Sirampog Kab. Brebes JATENG','081233827112 / 085645768208',NULL,'2015-11-20 05:54:56','2015-11-21 04:14:08','','SD Negeri 01 Kaliloka, 1997  2001 ','SLTP Negeri 01 Sirampog, 2001  2004 ','Pondok Modern Darussalam Gontor (PMDG)',NULL,'Institut Study Islam Darussalam (ISID)','Tarbiyah','Pendidikan Agama Islam','PAI','','','','','Darussalam Computer Center (DCC) PMDG','Kursus Komputer','','','','','Mengajar di PMDG 2','PP Modern Darussalam Gontor 2 Madusari-Siman-Ponorogo-JATIM','GURU','2008','2015','Admnistrasi Pondok','PP Modern Darussalam Gontor 2 Madusari-Siman-Ponorogo-JATIM','Staf Administrasi','2009','2014','OPPM (Organisasi Pelajar Pondok Modern) Gontor 3','Bendahara Pusat ','Panita Ujian Akhir Tahun','Ketua','','',NULL,NULL,'','','','-','','  -  -    ','','  -  -    ','','  -  -    ','','  -  -    ','','  -  -    ','','  -  -    ','','  -  -    ','','  -  -    ','','','','','','2001','2004','2012','','2012',''),(172,'ARIS FIRMANSYAH','3209131811870003','CIREBON','1987-11-18','l','aktif',19,'IMG_20140404_162957.jpg','0','fullday',NULL,'2011-04-13',0,'menikah','PITRIAH INDRIANI','KUNINGAN','MANIS KIDUL','082218419088',NULL,'2015-11-20 05:59:23','2015-11-21 01:16:01','TK AL-UKHUWWAH CIAWIGAJAH','SDN 1 CIAWIGAJAH','MTs AL-MA\'MUR CIAWIGAJAH','SMK-TI PERTIWI KUNINGAN',NULL,'','','','','','','','','','','','','','','PT. MASAJI PRAYASA CHARGO','CILINCING','DRIVER','2008','2011','','','','','','','','','','','',NULL,NULL,'','','','GURU SMAIT','','  -  -    ','','  -  -    ','','  -  -    ','','  -  -    ','','  -  -    ','','  -  -    ','','  -  -    ','','  -  -    ','','','','','1993-1','1999-2','2002-2','2005-2','','',''),(173,'YAYAT HIDAYAT, S.Sos.I','321118110430015','Sumedang','1983-04-11','l','aktif',9,'DSC_0024.JPG','','boarding',NULL,'2015-07-01',0,'menikah','HIKMAH FATIHAH NASUTION','Dusun wage Rt 017 Rw 006 Desa Karangmangu Kecamatan Kramatmulya','Ponpes Terpadu al Multazam','085776686736',NULL,'2015-11-20 06:15:53','2015-11-20 06:15:53','','SDN Tegalkalong 1','SMPN 4 Sumedang','SMKN 1 Sumedang',NULL,'UIN Sunan Gunung Djati Bandung','Dakwah dan Komunikasi','Pengembangan Masyarakat Islam','Dakwah Komunikasi','','','','','Daarut Tauhiid','Pesantren Modern','','','','','Al Kahfi Boarding','Bogor','Wali Asrama','2010','2013','SDIT Qordova','Rancaekek Bandung','Guru','2013','2015','BEM J','Bendahara','LDM (Lembaga Dakwah Mahasiswa)','Anggota','','',NULL,NULL,'Komputer dasar','','','Ibu Rumah Tangga','MUHAMMAD DAFFA FADHILLATUL HAQ','03-08-2015','','  -  -    ','','  -  -    ','','  -  -    ','','  -  -    ','','  -  -    ','','  -  -    ','','  -  -    ','','','','','','1996','1999','2002','','2009',''),(174,'DIDIK WIRANTO, M.Pd','32081208128100023','WONOGIRI','1981-12-08','l','aktif',8,'didik.jpg','050037','boarding',NULL,'2005-07-01',6,'menikah','ICIH MINTARSIH','KOMPLEKS PERUMAHAN AL-MULTAZAM DESA MANISKIDUL RT 5/1 KECAMATAN JALAKSANA KABUPATEN KUNINGAN 45554','KOMPLEKS PERUMAHAN AL-MULTAZAM DESA MANISKIDUL RT 5/1 KECAMATAN JALAKSANA KABUPATEN KUNINGAN 45554','082121745897/081511469128',NULL,'2015-11-20 09:36:13','2015-11-21 00:55:52','PERTIWI','SDN PURWOSARI 1 ','SMP NEGERI 2 WONOGIRI','SMA NEGERI 3 WONOGIRI',NULL,'IPB BOGOR','PERTANIAN','GMSK','GMSK','UIA JAKARTA','FKIP','TEKNOLOGI PENDIDIKAN','TEKNOLOGI PENDIDIKAN','','','','','','','','','','','','','','','','','','','','','','',NULL,NULL,'','','','GURU','SAFIRA FAIZATI','06-06-2007','AHSANI AL-GHIFARI','20-12-2010','MARWA NAJMA AMANIYA','21-10-2015','','  -  -    ','','  -  -    ','','  -  -    ','','  -  -    ','','  -  -    ','','','','','1988','1994','1997','2000','','2005','2013'),(175,'SUBUR, S.Pd.I','3208131202760007','TEGAL','1976-02-12','l','aktif',8,NULL,'-','fullday',NULL,'2014-05-01',6,'menikah','TITI RUSMIATI, S.Pd','DUSUN PON  RT.016/06 DESA SAMPORA KEC. CILIMUS KAB. KUNINGAN','DUSUN PON RT. 016/06 DESA SAMPORA KEC. CILIMUS KAB. KUNINGAN','085719015383',NULL,'2015-11-20 10:03:44','2015-11-21 00:57:14','','SDN PENGARASAN 01','SMP NEGERI DUKUHTURI','SMA NEGERI 3 TEGAL',NULL,'INSTITUT AGAMA ISLAM AL-AQIDAH JAKARTA','TARBIYAH','PENDIDIKAN AGAMA ISLAM','S1','','','','','PUSDIKLAT ASKOM YOGYAKARTA','SISTEM MANAJEMEN INFORMASI','DINAS PENDIDIKAN PROVINDI DKI JAKARTA','LOMBA SEKOLAH SEHAT TINGKAT NASIONAL','KEPALA DINAS KELAUTAN && PERTANIAN DKI JAKARTA ','PEMBINA LASKAR PANGAN','PT. SUNSAR ENGERIING INDONESIA (SEI)','KAWASAN MM2100','STAFF','2001','2009','SDN CEMPAKA PUTIH BARAT 05','JL. CEMPAKAKA /44 CEMPAKA PUTIH JAKARTA PUSAT','GURU','2009','2014','','','','','','',NULL,NULL,'','','','GURU','','  -  -    ','','  -  -    ','','  -  -    ','','  -  -    ','','  -  -    ','','  -  -    ','','  -  -    ','','  -  -    ','','','','','','1988','1991','1994','','2005',''),(176,'ANGGI KURNIADI','3208132908910008','KUNINGAN','1991-08-29','l','aktif',9,'Anggi K.JPG','','boarding',NULL,'2011-01-11',0,'belum','','DUSUN KLIWON RT/025 RW/009 DESA BOJONG KEC. CILIMUS KAB. KUNINGAN','DESA MANISKIDUL KEC. JALAKSANA KAB. KUNINGAN','085337055111',NULL,'2015-11-20 13:24:16','2015-11-20 13:24:16','LINGGASARI ASIH','SDN 3 BOJONG','SMPN 1 CILIMUS','SMAN 1 JALAKSANA',NULL,'','','','','','','','','','','','','','','PT YAMAHA','KARAWANG','OPERATOR PRODUKSI','2009','2010','','','','','','LASQI KUNINGAN','HUMAS','','','','',NULL,NULL,'SENI QOSIDAH','OLAH RAGA BOLA VOLLY','','','','  -  -    ','','  -  -    ','','  -  -    ','','  -  -    ','','  -  -    ','','  -  -    ','','  -  -    ','','  -  -    ','','','','','1997','2003','2006','2009','','',''),(177,'AUTAR ALI FAHMY AL-IMANI, S.pd.I','3328011908890003','Tegal','1989-08-19','l','aktif',8,'164855_191689544179662_4889472_n.jpg','','boarding',NULL,'2015-08-22',0,'belum','','Dsn Bamban, Rt 09, Rw 03, Prupuk Utara, Kec. Margasari, Kab.Tegal, Jawa Tengah','Al multazam 2, Linggarjati, Kec.Cilimus,Jawa Barat','085784702323','2015-11-21 03:03:48','2015-11-20 22:39:27','2015-11-21 03:03:48','Tk Aisyiyah','SD Islam Al-Falah','MTS Darul Mujahadah','KMI Gontor Ponorogo',NULL,'ISID Gontor Ponorogo','Tarbiyah','Pendidikan Agama Islam','Pendidikan Agama Islam','','','','','Gorda F.C','Sekolah Sepak Bola','Tahta-s-sulam Band','Sekolah Musik','Al-Istitla','Kursus Bahasa Arab','Guru Pondok Modern Darul Muttaqien Gontor 5','Rogojampi, Kaligung, Banyuwangi, Jawa Timur','Guru KMI','2008','2009','Guru Pondok Modern Darussalam Gontor 2','Madusari, siman, Ponorogo, Jawa Timur','Staff PBM','2009','2015','Pondok Modern Gontor Pusat','Pembimbing Konsulat Pekalongan','Pondok Modern Gontor 5','Staff PUSDAC','','',NULL,NULL,'','','','','','  -  -    ','','  -  -    ','','  -  -    ','','  -  -    ','','  -  -    ','','  -  -    ','','  -  -    ','','  -  -    ','','','','','1996','2001','2004','2008','','2013',''),(178,'EMOD SOBARUDIN','3208170104770015','KUNINGAN','1977-04-01','l','aktif',9,'Wali_Asrama_AM (4).JPG','0','boarding',NULL,'2012-05-01',0,'menikah','ENING YUNINGSIH','DUSUN WAGE, DESA SAKERTABARAT, KEC DARMA, KAB KUNINGAN','PONPES TERPADU AL-MULTAZAM','085351016669',NULL,'2015-11-21 01:13:36','2015-11-23 03:15:41','','SDN 1 DARMA','MTsN DARMA','',NULL,'','','','','','','','','PONPES AL-FADHLU SEMARANG','PONDOK SALAFI','','','','','DISTRIBUTOR UNILEVER','JAKARTA TIMUR','KEPALA GUDANG','2005','2012','','','','','','AKTIF DI PARTAI PKB','ANGGOTA','','','','',NULL,NULL,'BIKIN MEUBLE','','','IRT','FARHAN AN\'IM SHOLAHUDIN','10-05-2008','FIKRI KHOIRUL MUALLIM','30-11-2014','','  -  -    ','','  -  -    ','','  -  -    ','','  -  -    ','','  -  -    ','','  -  -    ','','','','','','1991','1994','','','',''),(179,'YUSUF ACHMAD ALFARUQ','3208301303920001','KUNINGAN','1992-03-13','l','aktif',9,'IMG_2118 red.jpg','','boarding',NULL,'2015-07-01',0,'belum','','DESA CIKAHURIPAN KEC.MALEBER KAB.KUNINGAN','PON-PES AL-MULTAZAM','089689007483',NULL,'2015-11-21 01:29:55','2015-11-21 01:29:55','','','','',NULL,'IAIN SYEKH NURJATI CIREBON','USHULUDDIN ADAB DAKWAH','AQIDAH FILSAFAT','','','','','','PON-PES SALSABILA','PON-PES','PON-PES MIFTAHUL FALLAH','PON-PES','','','STAFF RUSUNAWA ','CIREBON','STAFF','2014','2015','','','','','','','','','','','',NULL,NULL,'FUTSAL','','','','','  -  -    ','','  -  -    ','','  -  -    ','','  -  -    ','','  -  -    ','','  -  -    ','','  -  -    ','','  -  -    ','','','','','','2004','2007','2010','','2014',''),(180,'PANDU DWI PANGGA','3208012309900002','KUNINGAN','1990-09-23','l','aktif',9,NULL,'','boarding',NULL,'2015-07-01',0,'belum','','LING. BOJONG RT 05 RW 02 DESA CIKETAK KEC. KADUGEDE KAB. KUNINAN','PONPES ALMULTAZAM','08997454563',NULL,'2015-11-21 01:34:58','2015-11-21 01:34:58','','SDN CIKETAK','MTSN KADUGEDE','SMKN 1 KUNINGAN',NULL,'UNIVERSITAS KUNINGAN','FKIP EKONOMI','KEGURUAN','PENDIDIKAN EKONOMI','','','','','','','','','','','PEGAWAI KOPERASI','KUNINGAN','OPERASIONAL','AGUSTUS 2014','NOVEMBER 2014','SHORUM MOBIL','KARAWANG','MARKETING','JANUARI 2015','APRIL 2015','','','','','','',NULL,NULL,'MAIN FUTSAL','','','','','  -  -    ','','  -  -    ','','  -  -    ','','  -  -    ','','  -  -    ','','  -  -    ','','  -  -    ','','  -  -    ','','','','','','2003','2009','2009','','2014',''),(181,'YUSUF SAEFULLAH','','CIREBON','1990-05-25','l','aktif',9,'Wali_Asrama_AM (10).JPG','0','boarding',NULL,'2012-04-01',0,'belum','','BLOK KALIANDUL RT 04 RW 02 KECAMATAN WERU KABUPATEN CIREBON ','PON-PES AL-MULTAZAM','081321912256',NULL,'2015-11-21 01:45:11','2015-11-23 03:09:42','','SDN 2 WERU LOR','ABU MANSHUR','MAN CIREBON 1',NULL,'','','','','','','','','','','','','','','','','','','','','','','','','','','','','','',NULL,NULL,'','','','','','  -  -    ','','  -  -    ','','  -  -    ','','  -  -    ','','  -  -    ','','  -  -    ','','  -  -    ','','  -  -    ','','','','','','2003','2006','2009','','',''),(182,'WAHYUDI','3209011007850008','CIREBON','1985-07-10','l','aktif',9,NULL,'','boarding',NULL,'2014-07-15',0,'menikah','USWATUN HASANAH','DUSUN WAGE RT/11 RW/06 DESA WALED DESA KEC. WALED KAB. CIREBON','DESA MANISKIDUL KEC. JALAKSANA KAB.KUNINGAN','085324077518',NULL,'2015-11-21 01:49:20','2015-11-21 01:49:20','','MI AL MUAWANAH WALED','MTs ISLAMIYAH WALED','SMK YAMI WALED',NULL,'','','','','','','','','PP AL AMIN WALED DESA','PESANTREN','','','','','PERPUSTAKAAN','DESA WALED KOTA','TU','2010','2013','LESTORAN','JAKARTA TIMUR','KOKI','2007','2008','SMK YAMI WALED','ANGGOTA PRAMUKA','','','','',NULL,NULL,'MEMASAK','PIJAT REFLEKSI','BEKAM','GURU','JAUHAROTUN NAQIYYAH','  -  -    ','','  -  -    ','','  -  -    ','','  -  -    ','','  -  -    ','','  -  -    ','','  -  -    ','','  -  -    ','','','','','','1998','2001','2007','','',''),(183,'ANDI M GOJALI FADLI','3208092811910004','KUNINGAN','1991-11-28','l','aktif',11,'DSC_0437.JPG','','boarding',NULL,'2013-12-01',0,'belum','','DESA ANCARAN KEC KUNINGAN KAB KUNINGAN','PONPES TERPADU AL-MULTAZAM','089670799655',NULL,'2015-11-21 02:23:39','2015-11-21 02:23:41','','SDN ANCARAN 1','MTs MMA CARINGIN BANTEN','MA MMA CARINGIN BANTEN',NULL,'','','','','','','','','PONPES NURUL DA\'WAH','PONDOK SALAFI','','','','','PT. CANTIK EMBROIDERI','BANDUNG','OPERATOR','2010','2012','','','','','','OSIS','KETUA DIVISI','','','','',NULL,NULL,'AKUNTANSI','','','','','  -  -    ','','  -  -    ','','  -  -    ','','  -  -    ','','  -  -    ','','  -  -    ','','  -  -    ','','  -  -    ','','','','','','2004','2007','2010','','',''),(184,'TEDI FIRDAUS','3208200803750001','BANDUNG','1975-03-08','l','aktif',9,'DSC_0009.JPG','','boarding',NULL,'2912-01-24',0,'menikah','SITI AISYAH','DUSUN WAGE DESA JAMBAR KEC NUSAHERANG KAB KUNINGAN','PONPES TERPADU AL-MULTAZAM','085324709754',NULL,'2015-11-21 02:36:19','2015-11-21 02:36:20','','SDN SUKAJADI 2','SMP AL-FALAH','SMA PASUNDAN 8',NULL,'','','','','','','','','HARVARD COURCE','KURSUS BHS INGGRIS','','','','','BISNIS ','BANDUNG','OWNER','1994',' 2012','','','','','','','','','','','',NULL,NULL,'BERNIAGA','','','IRT','M. RAFI A.F','12-08-2003','','  -  -    ','','  -  -    ','','  -  -    ','','  -  -    ','','  -  -    ','','  -  -    ','','  -  -    ','','','','','','1988','1991','1994','','',''),(185,'Emay Maesaroh','3208194206830003','Kuningan','1983-06-02','p','aktif',10,'DSC_0507.JPG','','boarding',NULL,'2014-10-27',0,'cerai','Alm. Umang Jajang Suherman','Dusun Karanngmulya Rt/Rw 010/005 Ds. Cimara Kec. Pasawahan','Ponpes Terpadu Al-Multazam','081324141710',NULL,'2015-11-21 02:44:42','2015-11-21 02:44:43','','SDN 1 Cimara','SMPN 1 Pasawahan','SMA 1 Mandirancan',NULL,'','','','','','','','','','','','','','','Mengajar DTA','Cimara','Guru','2011','2014','','','','','','Karangtaruna','Bendahara','Risma/Remaja Mesjid','Bendahara','Kelompok Seni Teater Cempor','Bendahara',NULL,NULL,'','','','','Rifki Al- Auza','24-09-2010','','  -  -    ','','  -  -    ','','  -  -    ','','  -  -    ','','  -  -    ','','  -  -    ','','  -  -    ','','','','','','1993','1999','2002','','',''),(186,'Autar Ali Fahmy Al-Imani, S.Pd.I','3328011908890003','Tegal','1989-08-19','l','aktif',8,'164855_191689544179662_4889472_n.jpg','','boarding',NULL,'2015-08-22',0,'menikah','Seli Aenina','Dsn.Bamban, Rt 09 Rw 03, Prupuk Utara, Kec.Margasari, Kab.Tegal, Jawa Tengah','Dsn.Bamban, Rt 09 Rw 03, Prupuk Utara, Kec.Margasari, Kab.Tegal, Jawa Tengah','085784702323',NULL,'2015-11-21 03:02:13','2015-11-21 03:02:14','TK Aisyiyah, margasari, Tegal','SD Islam Al Falah, Margasari, tegal','MTS Darul Mujahadah, Prupuk utara, margasari, tegal','KMI Gontor Ponorogo',NULL,'ISID Gontor Ponorogo','Tarbiyah','Pendidikan Agama islam','Pendidikan Agama islam','','','','','Meteor F.C','SSB Sepak Bola','Dams','Seni Music','DBBG','Seni Bela Diri','Guru Pondok Modern Darul Muttaqien Gontor 5','Kaligung, rogojampi, Banyuwangi, Jawa timur ','Guru KMI','2008','2009','Guru Pondok Modern Darussalam Gontor 2','Madusari, siman, Ponorogo, Jawa timur','Guru KMI','2009','2015','Gorda F.C','Staff Pelatih','Gorda Band','Guitaris','Kantin Kalapa','Ketua Bagian',NULL,NULL,'Olahraga: Sepak bola, Futsal, takraw','Seni Music: Guitar, bass, Piano','Bahasa Arab, inggris','Mahasiswi UII S2','','  -  -    ','','  -  -    ','','  -  -    ','','  -  -    ','','  -  -    ','','  -  -    ','','  -  -    ','','  -  -    ','','','','','1996','2001','2003','2008','','2013',''),(187,'LATIFAH TUNNISA','3212114301950004','Indramayu','1995-01-03','p','aktif',10,NULL,'','boarding',NULL,'2015-04-05',0,'belum','','Dadap, Rt/Rw 01/07, Ds. Dadap Kec. Juntinyuat','Ponpes Al-Multazam','087879713262',NULL,'2015-11-21 03:05:32','2015-11-21 03:05:32','TK Islamiyah Dadap','SDN Dadap 2','MTs Manbaul Bahri','SMA Ulumudin',NULL,'','','','','','','','','','','','','','','Pegawai pabrik','Purwakarta','Administrasi','2014','2014','Mengajar TK','Karang Ampel','Guru','2014','2014','OSIS SMA Ulumudin','Ketua ','Oraganisasi Pelita Jati','Ketua','IPPD','Wakil Ketua',NULL,NULL,'Pramuka','Karya Seni','','','','  -  -    ','','  -  -    ','','  -  -    ','','  -  -    ','','  -  -    ','','  -  -    ','','  -  -    ','','  -  -    ','','','','','2000','2006','2009','2012','','',''),(188,'M. ARIANSYAH','','PALEMBANG','1989-09-23','l','aktif',9,'orang ganteng abu ghina.jpg','','boarding',NULL,'2015-01-01',0,'menikah','SITI KHODIJAH','KALIJAGA RT 004/RW 002 KEC HARJAMUKTI KOTA CIREBON','PONPES TERPADU AL-MULTAZAM','082376988337',NULL,'2015-11-21 03:07:15','2015-11-21 03:07:15','','SDN KAYUARA','MTs RAUDHATUL ULUM SAKATIGA','MAK RAUDHATUL ULUM SAKATIGA',NULL,'','','','','','','','','','','','','','','','','','','','','','','','','OP3RU (organisasi pelajar ponpes raudhatul ulum)','KETUA RAYON KHOLID BIN WALID','','','','',NULL,NULL,'BADMINTON','CATUR','RENANG','GURU','SAYYIDAH GHINA AL-AROBIYYATUL KHODIJAH','02-06-2015','','  -  -    ','','  -  -    ','','  -  -    ','','  -  -    ','','  -  -    ','','  -  -    ','','  -  -    ','','','','','','2002','2005','2008','','',''),(189,'VIERNA PRANADIPTHA','3208095105880015','Kuningan','1988-05-11','p','aktif',10,NULL,'','boarding',NULL,'2013-06-01',0,'belum','','Ling. Pasapen 1, Rt/Rw 002/004. Ds. Kuningan, Kec. Kuningan','Ponpes Al-Multazam','089660206456',NULL,'2015-11-21 03:13:49','2015-11-21 03:13:49','TK Dewi Sartika','SDN 2 Kuningan ','SMPN 2 Kuningan','SMAN 1 Kuningan',NULL,'UNIKU','FKIP','Pendidikan','Bahasa Inggris','','','','','','','','','','','','','','','','','','','','','','','','','','',NULL,NULL,'Memasak','','','','','  -  -    ','','  -  -    ','','  -  -    ','','  -  -    ','','  -  -    ','','  -  -    ','','  -  -    ','','  -  -    ','','','','','1993','2000','2003','2006','','2012',''),(190,'Nurjanah','3210174106890001','Majalengka','1989-06-01','p','aktif',10,NULL,'','boarding',NULL,'2015-03-01',0,'belum','','Blok Satu RT 001/001 Desa Rancaputat Kec. Sumberjaya Kab. Majalengka','Ponpes Almultazam','081324662624',NULL,'2015-11-21 03:17:12','2015-11-21 03:17:12','','2001','','',NULL,'','Syari\'ah','Ahwal Asyakhshiyyah','Ahwal Asyakhshiyyah','','','','','','','','','','','PT. DHARMA ELEKTRINDO Mfg','Kaw. Industri Jababeka Cikarag Bekasi','Operator Produksi','Agustus 2007','Juni 2009','DTA Al-Munawaroh','Ds. Rancaputat Kec. Sumberjaya Kab. Majalengka','Guru','2013','2014','PMR','Anggota','HMJ AAS','Anggota','','',NULL,NULL,'Menyanyi','','','','','  -  -    ','','  -  -    ','','  -  -    ','','  -  -    ','','  -  -    ','','  -  -    ','','  -  -    ','','  -  -    ','','','','','','','2004','2007','','2014',''),(191,'WIDA NINING YUNINGSIH','3278054807850006','Tasikmalaya','1985-07-08','p','aktif',10,'DSC_0489.JPG','','boarding',NULL,'2012-09-01',0,'menikah','Devi Imron Rosadi','Cukang, Rt/Rw 002/005, Kel. Tanjung. Kec. Kawalu Kota Tasikmalaya','Ponpes Al-Multazam','085320371702',NULL,'2015-11-21 03:26:32','2015-11-21 03:26:32','TK Al-Hidayah','MI Al-Hidayah Tanjung','MTs Tanjung','SMAN 8 Tasikmalaya',NULL,'Universitas Siliwangi','Kesehatan Masyarakat','','KLKK','','','','','TRIGUNA','Komputer','','','','','Klinik BRC','Bandung','Rekam Medis','2009','2010','','','','','','OSIS MTs Tanjung','Bendahara','OSIS SMAN 8 Tasikmalaya','Pendidikan','','',NULL,NULL,'Kesehatan','Memasak','','Guru','Hamda Tsanwa Izzati','12-06-2012','','  -  -    ','','  -  -    ','','  -  -    ','','  -  -    ','','  -  -    ','','  -  -    ','','  -  -    ','','','','','1992','1998','2001','2004','','2008',''),(192,'Asep Saepul Muslim','3208060109860003','Kuningan','1986-09-01','l','aktif',19,NULL,'0','fullday',NULL,'2013-04-01',0,'menikah','Ayu Rofi\'atul Barokah','Desa Wilanagara Kec Luragung Kab Kuningan','Desa Wilanagara kec. Luragung Kab. Kuningan','085759743536',NULL,'2015-11-21 03:27:50','2015-11-21 03:30:06','','','','',NULL,'','','','','','','','','','','','','','','Toserba Fajar','Luragung','Pramuniaga','2006','2008','PT Systec','Cikarang','Produksi','2012','2012','','','','','','',NULL,NULL,'','','','IRT','Haidar Fazal','09-08-2015','','  -  -    ','','  -  -    ','','  -  -    ','','  -  -    ','','  -  -    ','','  -  -    ','','  -  -    ','','','','','','','','2005','','',''),(193,'Nopi Nopiyanti','3208164611880001','Kuningan','1988-11-06','p','aktif',10,NULL,'','',NULL,'2012-07-01',0,'menikah','Eko Budi Prasetyo','Dusun Puhun RT 09/RW 02 Desa Cilowa Kec.Kramatmulya Kab.Kuningan','Ponpes Terpadu A-Multazam (Boarding)','081222010181',NULL,'2015-11-21 03:32:18','2015-11-21 03:32:18','','SDN CILOWA 1','MTs PUI Cikaso','SMK Daya Mandiri Kuningan',NULL,'IAIN syeh Nurjati','tarbiyyah','Pendidikan bahasa Inggris','','','','','','EECC','kursus bahasa inggris','AWARNESS','kursus bahasa inggris','PUSDIKOM','kursus komputer','','','','','','','','','','','PMR ','Anggota aktif','','','','',NULL,NULL,'memasak','','','Karyawan swasta','Yara Muthia Azzahra ','  -  -    ','','  -  -    ','','  -  -    ','','  -  -    ','','  -  -    ','','  -  -    ','','  -  -    ','','  -  -    ','','','','','','2000-2','2003-2','2006-2','','2011',''),(194,'ARIS RISWANTO','3208102512930004','KUNINGAN','1993-12-25','l','aktif',9,'Wali_Asrama_AM (3).JPG','0','boarding',NULL,'2013-06-22',0,'belum','','DESA CIAWIGEBANG RT/RW 003 KECAMATAN CIAWIGEBANG KABUPATEN KUNINGAN','PONPES TERPADU AL-MULTAZAM','085295426523',NULL,'2015-11-21 03:36:11','2015-11-23 03:12:45','','MI PUI CIAWIGEBANG','MTs PUI CIAWIGEBANG','SMKN 5 KUNINGAN',NULL,'','','','','','','','','','','','','','','MD,TPA AT-TAQWA CIAWIGEBANG','CIAWIGEBANG','GURU BANTU','FEBRUARI 2013','JUNI 2013','','','','','','','','','','','',NULL,NULL,'','','','','','  -  -    ','','  -  -    ','','  -  -    ','','  -  -    ','','  -  -    ','','  -  -    ','','  -  -    ','','  -  -    ','','','','','','2006','2009','2012','','',''),(195,'SITI HAMNAH','3208106911910002','Kuningan','1991-11-29','p','aktif',10,NULL,'','boarding',NULL,'2015-07-27',0,'belum','','Dusun Manis RT/TW 002/004, Ds. Sukadana Kec. Ciawi Gebang Kab.Kuningan','Ponpes Al-Multazam','085349136423',NULL,'2015-11-21 03:40:44','2015-11-21 03:40:44','','SDN 2 Sukadana','MTs PUI Ciawigebang','MAN Ciawigebang',NULL,'IAIN Syekh Nurjati Cirebon','Addin','Tafsir Hadits','Tafsir Hadits','','','','','Pondok Nurul Iman','Pesantren','','','','','Pondok Nurul Iman','Ciawigebang','Musyrifah','2009','2010','Asrama Kampus','Cirebon','Musyrifah','2012','2014','OSIS MAN Ciawigebang','Kerohanian','','','','',NULL,NULL,'','','','','','  -  -    ','','  -  -    ','','  -  -    ','','  -  -    ','','  -  -    ','','  -  -    ','','  -  -    ','','  -  -    ','','','','','','2004','2007','2010','','2015',''),(196,'FIRDA SUCI AKHIRAH','3209164102950008','Cirebon','1995-02-01','p','aktif',10,NULL,'','boarding',NULL,'2014-05-30',0,'belum','','Karang Asem, rt/Rw 001/002. Ds. Sindangmekar Kec. Duku Puntang, Cirebon','Ponpes Al-Multazam','089626828281',NULL,'2015-11-21 03:52:38','2015-11-21 03:52:38','RA Islamiyah','SDN 1 Sindang Jawa','SMPN 1 Sindangjawa','MA Manba\'ul \'Ulum',NULL,'','','','','','','','','','','','','','','','','','','','','','','','','OSIS ','Sekretaris','OSIS MA','Bahasa ','Fokustik','Anggota',NULL,NULL,'Bahasa Arab','Pramuka','','','','  -  -    ','','  -  -    ','','  -  -    ','','  -  -    ','','  -  -    ','','  -  -    ','','  -  -    ','','  -  -    ','','','','','2002','2007','2010','2012','','',''),(197,'suhiroh','3209296108860001','Cirebon','1986-08-21','p','aktif',10,NULL,'','boarding',NULL,'2015-08-27',0,'belum','','Dusun 03 Rt/Rw 023/006 Ujungsemi-Kaliwedi-Cirebon','Ponpes Al- multazam','085797307607',NULL,'2015-11-21 04:00:39','2015-11-21 04:00:39','','SDN 1 Ujungsemi Gegesik Cirebon','MTSN Babakan CIwaringin Cirebon','MAN Model Ciwaringin CIrebon ',NULL,'','Stikes Mahardika Cirebon','Keperawatan','Perawat','','','','','','','','','','','Klinik Cikarang ','Cikarang','Perawat','','','','','','','','Divisi Kerohanian organisasi kampus','ketua divisi kerohanian','PMI ','Anggota','','',NULL,NULL,'','','','','','  -  -    ','','  -  -    ','','  -  -    ','','  -  -    ','','  -  -    ','','  -  -    ','','  -  -    ','','  -  -    ','','','','','','2000','2002','2005','','2010',''),(198,'TETI SULASTRI','3208137005890003','Kuningan','1989-05-30','p','aktif',10,NULL,'','boarding',NULL,'2015-08-27',0,'belum','','Dusun Pahing, Rt/Rw 10/03, Ds. Cilimus Kec. Cilimus Kab. Kuningan','Ponpes Al-Multazam','082218441410',NULL,'2015-11-21 04:01:33','2015-11-21 04:01:33','','SDN 1 Cilimus','SMPN1 Cilimus ','SMAN 1 Jalaksana',NULL,'UNIKU','Ekonomi','Pemasaran','Management','','','','','','','','','','','Pemda Kab.Kuningan','Kuningan','Honorer','2012','2013','BTPN','Kuningan','Karyawan','2014','2014','MPK SMA1 Jalaksana','Ketua','LDK Al-Kahfi','Kemuslimahan','','',NULL,NULL,'Public speaking','','','','','  -  -    ','','  -  -    ','','  -  -    ','','  -  -    ','','  -  -    ','','  -  -    ','','  -  -    ','','  -  -    ','','','','','','2001','2004','2007','','2014',''),(199,'AI YUNI SRI MULYANI ','3206054111870001','Tasikmalaya','1987-11-01','p','aktif',10,'DSC_0513.JPG','','boarding',NULL,'2012-02-12',0,'belum','','Kp. Citeureup Rt/Rw 08/17 Ds. Pakemitan Kec. Cikatomas Tasikmalaya','Ponpes Al-Multazam','085721241433',NULL,'2015-11-21 04:11:07','2015-11-21 04:11:08','','SDN 3 Cikatomas','SMPN 1 Cikatomas','SMAN 1 Cikatomas',NULL,'IAIN Syekh Nurjati Cirebon','Tarbiyah','Pendidikan','Bahasa Inggris','','','','','GENTA Course','Bahasa Inggris','','','','','','','','','','','','','','','OSIS SMA 1 Cikatomas','Anggota','Bantara SMA 1 Cikatomas','Anggota','','',NULL,NULL,'Bahasa Inggris','','','','','  -  -    ','','  -  -    ','','  -  -    ','','  -  -    ','','  -  -    ','','  -  -    ','','  -  -    ','','  -  -    ','','','','','','2000','2003','2006','','2012',''),(200,'NANI HENDRIANI','','Indramayu','1983-09-12','p','aktif',10,NULL,'','boarding',NULL,'2011-01-05',0,'cerai','','Ds. Ciputat Blok Wage Rt/Rw 03/04 No.136 Kec. Ciawigebang','Ponpes Al-Multazam','087724230828',NULL,'2015-11-21 04:21:47','2015-11-21 04:21:47','','SDN 1 Panyingkiran Kidul','SMPN 2 Lohbener','MAN Ciawigebang',NULL,'UNIKU','Ekonomi','Management','','','','','','','','','','','','Ega Tekelindo Prima','Jakarta','Resepsionist','2002','2003','KOprasi Swamitra','Kuningan','Karyawan','2010','2011','PMR SMP','Anggota','Bantara SMA','Anggota','HMI UNIKU','Anggota',NULL,NULL,'Wirausaha','','','','','  -  -    ','','  -  -    ','','  -  -    ','','  -  -    ','','  -  -    ','','  -  -    ','','  -  -    ','','  -  -    ','','','','','','1996','1999','2002','','2008',''),(201,'Nurinayah Handayani','3208116310910001','Kuningan','1991-10-23','p','aktif',10,NULL,'','boarding',NULL,'2015-07-01',0,'belum','','Dusun manis rt/rw 004/001 desa cieurih ','PONPES ALMULTAZAM','',NULL,'2015-11-21 04:23:47','2015-11-21 04:23:47','','SDN II CIEURIH','MTS GUPPI CIDAHU','MAN CIAWIGEBANG',NULL,'UNIVERSITAS KUNINGAN','FKIP','MIPA','Pendidikan biologi','','','','','','','','','','','guru Tk','mekarjaya','guru','agustus','mei','announcer','karangtawang','penyiar','februari','juni','OSIS MAN CIAWIGEBANG','TEKPRAM','PANDEGA UNIVERSITAS KUNINGAN','WAKIL KETUA PUTRI','BLM UNIVESITAS KUNINGAN','SEKERTARIS',NULL,NULL,'','','','','','  -  -    ','','  -  -    ','','  -  -    ','','  -  -    ','','  -  -    ','','  -  -    ','','  -  -    ','','  -  -    ','','','','','','2004','2007','2010','','2014',''),(202,'KURNIA','3209165506880008','Cirebon','1991-09-26','p','aktif',10,NULL,'','boarding',NULL,'2015-07-01',0,'belum','','Blok. Kramat Rt/Rw 14/05 Ds. Dukupuntang Kec. Dukupuntan Cirebong','Ponpes Al-Multazam','085323059622',NULL,'2015-11-21 04:31:19','2015-11-21 04:31:19','','SDN 2 Dukupuntang','SMPN 1 Dukupuntang','SMK Manba\'ul \'ulum',NULL,'IAIN Syekh Nurjati','Tarbiyah','PAI','','','','','','Ponpes Terjemah Al-Qur\'an ITB','Pesantren','Edukasia School','Kursus Bahasa Inggris','','','DTA ITB','Dukupuntang','Guru','2009','2014','Ponpes Al-Hikmah','Cirebon','Guru Tahfidz','2014','2015','','','','','','',NULL,NULL,'Terjemah Al-Qur\'an','','','','','  -  -    ','','  -  -    ','','  -  -    ','','  -  -    ','','  -  -    ','','  -  -    ','','  -  -    ','','  -  -    ','','','','','','2003','2006','2009','','2014',''),(203,'Sunarli Jayaningrat','32083111010870004','Kuningan','1987-10-10','l','aktif',8,'_MG_6526.JPG','130308','fullday',NULL,'2013-07-01',6,'menikah','Rachmawati Ayu Pratiwi','RT 01/01 Desa Babakanreuma Kec. Sindangagun Kab. Kuningan','RT 01/01 Desa Babakanreuma Kec. Sindangagun Kab. Kuningan','0817611438','2015-11-21 04:43:50','2015-11-21 04:41:06','2015-11-21 04:43:50','','SD Negeri 1 Babakanreuma','SMP Negeri 1 Kuningan','SMK Negeri 3 Kuningan',NULL,'Universitas Kuningan','FKIP','Pendidikan Ekonomi','FIPS','','','','','','','','','','','','','','','','','','','','','','','','','','',NULL,NULL,'','','','','Batsnah Labiqa Raisyaningrat','01-03-2014','','  -  -    ','','  -  -    ','','  -  -    ','','  -  -    ','','  -  -    ','','  -  -    ','','  -  -    ','CIC','CIC','CIC','CIC','','2000','2003','2006','','2012',''),(204,'CHANDRA KARMANA','3208134510880010','Subang','1988-10-05','p','aktif',NULL,'1','','',NULL,'0000-00-00',0,'belum',NULL,'','',NULL,NULL,'2015-11-21 04:47:27','2015-11-21 04:47:28',NULL,NULL,NULL,NULL,NULL,NULL,NULL,NULL,NULL,NULL,NULL,NULL,NULL,NULL,NULL,NULL,NULL,NULL,NULL,NULL,NULL,NULL,NULL,NULL,NULL,NULL,NULL,NULL,NULL,NULL,NULL,NULL,NULL,NULL,NULL,NULL,NULL,NULL,NULL,NULL,NULL,NULL,NULL,NULL,NULL,NULL,NULL,NULL,NULL,NULL,NULL,NULL,NULL,NULL,NULL,NULL,NULL,NULL,NULL,NULL,NULL,NULL,NULL,NULL,NULL,NULL,NULL,NULL),(205,'Rona Nuzulul Romdhon','3208091304900002','Kuningan','1990-04-13','l','aktif',8,NULL,'','fullday',NULL,'2015-07-01',6,'belum','','Jl. Anggrek 4 No.60 Perumnas Ciporang, Kuningan, Jawa Barat','Jl. Anggrek 4 No.60 Perumnas Ciporang, Kuningan, Jawa Barat','085224676546',NULL,'2015-11-21 04:50:29','2015-11-21 04:50:29','','SDN 1 Windusengkahan','SMPN 1 Keramatmulya','SMAN 1 Jalaksana',NULL,'Universitas Pendidikan Indonesia','FPMIPA','Pendidikan Ilmu Komputer','Pendidikan Ilmu Komputer','','','','','','','','','','','','','','','','','','','','','','','','','','',NULL,NULL,'','','','','','  -  -    ','','  -  -    ','','  -  -    ','','  -  -    ','','  -  -    ','','  -  -    ','','  -  -    ','','  -  -    ','','','','','','2003','2006','2009','','2015',''),(206,'NURLAILATUL HIKMAH','3324014204900002','KENDAL','1990-04-02','p','aktif',10,NULL,'','boarding',NULL,'0000-00-00',0,'menikah','KHANIF LUTFI','NGESREP RT/RW 002/002 JURANGAGUNG PLANTUNGAN','PONDOK PESANTREN AL MULTAZAM','085740530032',NULL,'2015-11-21 04:51:45','2015-11-21 04:51:45','TK ATMAJA SEJAHTERA','SD N 2 KARANGANYAR','MTS DARUL AMANAH','SMK N 1 KENDAL',NULL,'SETIA WALISEMBILAN','','PENDIDIKAN','PAI','','','','','','','','','','','MIN AIK','MASJID TANAH MALAYSIA','OPERATOR','2007','2009','MTS DARUL AMANAH','KABUNAN SUKOREJO KENDAL','GURU','2009','2013','','','','','','',NULL,NULL,'','','','GURU','BASHASHA IBTISAMA LUTHFI','24-10-2013','','  -  -    ','','  -  -    ','','  -  -    ','','  -  -    ','','  -  -    ','','  -  -    ','','  -  -    ','','','','','2005','2001','2004','2007','','2013',''),(207,'Siti Khodijah','3274035011920006','cirebon','1992-11-10','p','aktif',NULL,'1','','',NULL,'0000-00-00',0,'belum',NULL,'','',NULL,'2015-11-23 06:47:07','2015-11-21 05:31:30','2015-11-23 06:47:07',NULL,NULL,NULL,NULL,NULL,NULL,NULL,NULL,NULL,NULL,NULL,NULL,NULL,NULL,NULL,NULL,NULL,NULL,NULL,NULL,NULL,NULL,NULL,NULL,NULL,NULL,NULL,NULL,NULL,NULL,NULL,NULL,NULL,NULL,NULL,NULL,NULL,NULL,NULL,NULL,NULL,NULL,NULL,NULL,NULL,NULL,NULL,NULL,NULL,NULL,NULL,NULL,NULL,NULL,NULL,NULL,NULL,NULL,NULL,NULL,NULL,NULL,NULL,NULL,NULL,NULL,NULL,NULL),(208,'Erna Rahman','3208176806930006','Kuningan','1993-06-28','p','aktif',10,NULL,'','boarding',NULL,'0000-00-00',0,'menikah','Iip Sopandi, S.Pd','Jl. Raya Desa Darma Kec. Darma Kab. Kuningan','Kompleks Ponpes Terpadu Al-Multazam','085724584900',NULL,'2015-11-21 06:16:55','2015-11-21 06:16:55','','SDN 1 Darma','MTsN Darma','SMKN 2 Kuningan',NULL,'Universitas Kuningan','FKIP','PGSD','PGSD','','','','','','','','','','','','','','','','','','','','','','','','','','',NULL,NULL,'','','','SDM SMAIT Al-Multazam','Sevira Zakiyyatur Rahman','  -  -    ','','  -  -    ','','  -  -    ','','  -  -    ','','  -  -    ','','  -  -    ','','  -  -    ','','  -  -    ','','','','','','','','','','',''),(209,'HERIKUS FEBRI AMK','1207310202920001','MEDAN','1970-01-01','l','aktif',9,NULL,'0','boarding',NULL,'0000-00-00',0,'belum','','DS PASAR MIRING DSN SETIA KEC PAGAR MERBAU KAB DELI SERDANG','DESA MANISKIDUL KEC JALAKSANA KAB KUNINGAN JAWA BARAT','085358562270',NULL,'2015-11-21 06:41:02','2015-11-21 06:44:59','','SDN 105352 PASAR MIRING','MTSN LUBUK PAKAM','SMK AKP GALANG',NULL,'','','','','','','','','HIPERKES (k3)','pelatihan paramedis perusahan','pro m','pelatihan gawat darurat','','','RS MITRA MEDIKA','MEDAN','PERAWAT','JULI 2013','DESEMBER 2013','INDUSTRIAL CLINIC SERVICE ( PENEMPATAN PT.PERFETTI VAN MELLE_)','CIBINONG, BOGOR','PERAWAT','DESEMBER 2013','AGUSTUS 2015','MUHAMMADIYAH','ANGGOTA','ODOJ DPA BOGOR','ANGGOTA','','',NULL,NULL,'PENANGGULANGAN GAWAT DARURAT','','','','','  -  -    ','','  -  -    ','','  -  -    ','','  -  -    ','','  -  -    ','','  -  -    ','','  -  -    ','','  -  -    ','DIPLOMA III KEPERAWATAN','DIPLOMA III KEPERAWATAN','DIPLOMA III KEPERAWATAN','DIPLOMA III KEPERAWATAN','','2001','2007','2010','2013','',''),(210,'SITI KHODIJAH','3274035011920006','CIREBON','1992-11-10','p','aktif',NULL,'1','','',NULL,'0000-00-00',0,'belum',NULL,'','',NULL,NULL,'2015-11-21 06:48:20','2015-11-21 06:48:21',NULL,NULL,NULL,NULL,NULL,NULL,NULL,NULL,NULL,NULL,NULL,NULL,NULL,NULL,NULL,NULL,NULL,NULL,NULL,NULL,NULL,NULL,NULL,NULL,NULL,NULL,NULL,NULL,NULL,NULL,NULL,NULL,NULL,NULL,NULL,NULL,NULL,NULL,NULL,NULL,NULL,NULL,NULL,NULL,NULL,NULL,NULL,NULL,NULL,NULL,NULL,NULL,NULL,NULL,NULL,NULL,NULL,NULL,NULL,NULL,NULL,NULL,NULL,NULL,NULL,NULL,NULL,NULL),(211,'SITI KHODIJAH','3274035011920006','CIREBON','1992-11-10','p','aktif',NULL,'1','','',NULL,'0000-00-00',0,'belum',NULL,'','',NULL,'2015-11-23 06:46:26','2015-11-21 06:48:21','2015-11-23 06:46:26',NULL,NULL,NULL,NULL,NULL,NULL,NULL,NULL,NULL,NULL,NULL,NULL,NULL,NULL,NULL,NULL,NULL,NULL,NULL,NULL,NULL,NULL,NULL,NULL,NULL,NULL,NULL,NULL,NULL,NULL,NULL,NULL,NULL,NULL,NULL,NULL,NULL,NULL,NULL,NULL,NULL,NULL,NULL,NULL,NULL,NULL,NULL,NULL,NULL,NULL,NULL,NULL,NULL,NULL,NULL,NULL,NULL,NULL,NULL,NULL,NULL,NULL,NULL,NULL,NULL,NULL,NULL,NULL),(212,'ARYONO','3208230107900013','KUNINGAN','1990-07-01','l','aktif',9,'ARYONO.jpg','','boarding',NULL,'2013-11-06',0,'menikah','NUR ASFIYAH','RT/RW 06/02 DESA CENGAL KEC. JAPARA KAB. KUNINGAN','AL MULTAZAM','082214598281',NULL,'2015-11-21 07:44:09','2015-11-21 07:44:10','-','SD NEGERI CENGAL 3','SMP NEGERI 2 CILIMUS / SMP 1 CIGANDAMEKAR','SMA NEGERI 1 CILIMUS',NULL,'IAIN SYEKH NURJATI CIREBON','TARBIYAH','PENDIDIKAN IPA','IPA BIOLOGI','','','','','','','','','','','LABORAN','KAMPUS IAIN SYEKH NURJATI CIREBON','ASISTEN PRAKTIKUM','2011','2013','','','','','','KARANG TARUNA','DIVISI KEAGAMAAN','HIMBIO','DIVISI LINGKUNGAN HIDUP','','',NULL,NULL,'KOMPUTER','','','WALI ASRAMA','','  -  -    ','','  -  -    ','','  -  -    ','','  -  -    ','','  -  -    ','','  -  -    ','','  -  -    ','','  -  -    ','','','','','-','2002','2005','2008','','2013',''),(213,'NUNIK NURTIKA, M.Pd','3208016305810001','KUNINGAN','1981-05-23','p','aktif',8,NULL,'050039','fullday',NULL,'2005-07-01',6,'menikah','CECEP ROBIBINUR, SE','Desa Windujanten Kec.Kadugede','desa Windujanten kec.Kadugede','085295875405',NULL,'2015-11-21 08:25:14','2015-11-21 08:25:14','WINDUJANTEN','NEGERI RAHAYU/WINDUJANTEN 2','MTsN Kadugede','MAN CIGUGUR',NULL,'UNIKU','FKIP','P.MIPA','P.BIOLOGI','UNIKU','','','P.BIOLOGI','','','','','','','','','','','','','','','','','BEM UNIKU','ROHIS','','','','',NULL,NULL,'','','','GURU','M.SYAMIL GHALBAN ROBBANI','08-04-2010','ANINDYA SCIENTIA FAHEEMA','20-08-2013','','  -  -    ','','  -  -    ','','  -  -    ','','  -  -    ','','  -  -    ','','  -  -    ','','','','','','','','','','2004','2013'),(214,'Iim Suryahim, S.S.I.,M.Pd.I','1171010802840002','Kuningan','1984-02-08','l','aktif',0,NULL,'','fullday',NULL,'2010-06-01',0,'menikah','Ratih Wulandari, S.Pd','Desa Cikeleng, Rt/Rw 08/02. Kecamatan Japara. Kuningan','Desa Darma, Gg Dulhasyim, Kecamatan Darma. Kuningan','087744194961',NULL,'2015-11-22 03:31:22','2015-11-22 03:31:22','','SDN 2 Cikieoleng','SMPN 2 Cilimus','MANU Putra Buntet Cirebon',NULL,'UIN Syarif Hidayatullah Jakarta','Dirasat Islamiyah','Dirasat Islamiyah','Dirasat Islamiyah','IAIN Syekh Nurjati Cirebon','','Psikologi Pendidikan Islam','Pendidikan Islam','','','','','','','Surveyor Lembaga Survei Indonesia','Jakarta','Surveyor','2006','2009','Pengurus TK BQSR Banda Aceh','Kp. Baru, Jl. Prof. abdul majid II, Banda Aceh','Ketua Harian BQSR banda Aceh','2009','2010','Ikatan Pemuda Pelajar dan Mahasiswa Kuningan (IPPMK) Jakarta ','Ketua Umum','Badan Permusyawaratan Desa (BPD) Cikeleng','Ketua','Dewan Kemakmuran Mesjid (DKM) Nurul Falah Cikeleng','Sekretaris',NULL,NULL,'','','','Karyawan Honorer','','  -  -    ','','  -  -    ','','  -  -    ','','  -  -    ','','  -  -    ','','  -  -    ','','  -  -    ','','  -  -    ','','','','','','1996','1999','2002','','2010','2013'),(215,'Neneng Maelani,s.Pd.I','','Cianjur','1982-02-03','p','aktif',7,NULL,'','fullday',NULL,'2008-07-01',0,'menikah','Dadang Rosyid Fauzi, S.S','Jl. Dr. Muwardi By Pass Cianjur','Desa Maniskidul- Kuningan','087724044378',NULL,'2015-11-22 04:31:08','2015-11-22 04:31:08','','MI ASSA\'ADAH','MTs. GEDONG ASEM','MAN CIANJUR',NULL,'UIN SUNAN GUNUNG DJATI BANDUNG','Tarbiyah & Keguruan','PAI','S1 PAI','','','','','AL-MUTHMAINNAH BOJONG HERANG','PONDOK PESANTREN','AL-IHSAN BANDUNG','PONDOK PESANTREN','','','SDN PALASARI','CIANJUR','GURU PAI','2006','2008','SMPIT AL-MULTAZAM','KUNINGAN','GURU PAI','2008','','HIMAT (HIMPUNAN MAHASISWA TJIANJUR)','ANGGOTA','INTRAP (INSTITUT TRANSPORMASI PENDIDIKAN)','ANGGOTA','OSPAI (ORGANISASI SANTRI PESANTREN AL-IHSAN)','SEKMENDIK',NULL,NULL,'','','','Guru','LATHIF ZULFAN FATHURRAHMAN','07-12-2011','ALYA SYAQILA ZAHRANA','31-01-2015','','  -  -    ','','  -  -    ','','  -  -    ','','  -  -    ','','  -  -    ','','  -  -    ','','','','','','1996','1999','2002','','2006',''),(216,'SITI KHODIJAH','3274035011920006','CIREBON','1992-11-10','p','aktif',NULL,'1','','',NULL,'0000-00-00',0,'belum',NULL,'','',NULL,'2015-11-23 06:46:10','2015-11-22 12:08:03','2015-11-23 06:46:10',NULL,NULL,NULL,NULL,NULL,NULL,NULL,NULL,NULL,NULL,NULL,NULL,NULL,NULL,NULL,NULL,NULL,NULL,NULL,NULL,NULL,NULL,NULL,NULL,NULL,NULL,NULL,NULL,NULL,NULL,NULL,NULL,NULL,NULL,NULL,NULL,NULL,NULL,NULL,NULL,NULL,NULL,NULL,NULL,NULL,NULL,NULL,NULL,NULL,NULL,NULL,NULL,NULL,NULL,NULL,NULL,NULL,NULL,NULL,NULL,NULL,NULL,NULL,NULL,NULL,NULL,NULL,NULL),(217,'SITI KHODIJAH','3274035011920006','CIREBON','1992-11-10','p','aktif',NULL,'1','','',NULL,'0000-00-00',0,'belum',NULL,'','',NULL,'2015-11-23 06:45:55','2015-11-22 14:04:52','2015-11-23 06:45:55',NULL,NULL,NULL,NULL,NULL,NULL,NULL,NULL,NULL,NULL,NULL,NULL,NULL,NULL,NULL,NULL,NULL,NULL,NULL,NULL,NULL,NULL,NULL,NULL,NULL,NULL,NULL,NULL,NULL,NULL,NULL,NULL,NULL,NULL,NULL,NULL,NULL,NULL,NULL,NULL,NULL,NULL,NULL,NULL,NULL,NULL,NULL,NULL,NULL,NULL,NULL,NULL,NULL,NULL,NULL,NULL,NULL,NULL,NULL,NULL,NULL,NULL,NULL,NULL,NULL,NULL,NULL,NULL),(218,'KHANIF LUTFI','','KENDAL, 5 MARET 1983','1983-03-05','l','aktif',11,'Khanif.JPG','0','boarding',NULL,'0000-00-00',6,'menikah','Nurlailatul Hikmah','Ngesrep, Jurang Agung, Kec. Plantungan, Kab. Kendal, Jawa Tengah','Al Multazam','085717733535',NULL,'2015-11-23 03:17:47','2015-11-23 03:58:48','','','','',NULL,'','','','','','','','','','','','','','','','','','','','','','','','','','','','','','',NULL,NULL,'','','','Ibu Rumah Tangga','','  -  -    ','','  -  -    ','','  -  -    ','','  -  -    ','','  -  -    ','','  -  -    ','','  -  -    ','','  -  -    ','','','','','','','','','','',''),(219,'Muhamad Saefudin','3175010508750004','Jakarta','1975-08-05','l','aktif',8,NULL,'','fullday',NULL,'0000-00-00',0,'menikah','Yanti Marini','Jl. Kayumanis 9 RT 011/08 No. 7 Jakarta Timur','Ds Ciporang, Kec Maleber, Kab Kuningan, Jabar','085779767658',NULL,'2015-11-23 03:51:11','2015-11-23 03:51:11','','SD Muhammadiyah 3 Jakarta','SMPN 7 Jakarta','SMAN 31 Jakarta',NULL,'INSTITUT PERTANIAN BOGOR','MIPA','KIMIA','KIMIA','','','','','Ma\'had Sholahuddin Bogor','Dirosat Islamiyah','PBAT Al Hikmah, Jakarta','Kursus Bahasa Arab','','','Balitbang Gizi Depkes','Bogor','Peneliti','1997','2002','Bimbel Quantum','Jakarta','Direktur Cabang','2006','2011','Karang Taruna','Kepala Seksi','Senat Mahasiswa IPB','Kepala Departemen','Partai Keadilan Sejahtera','Ketua 1 DPRa',NULL,NULL,'','','','Dokter','Muhammad Haikal Ssaefudin','30-05-2004','Putri Khansa Nisrina Saefudin','30-03-2006','Putri Salwa Shofiyah Saefudin','12-05-2007','','  -  -    ','','  -  -    ','','  -  -    ','','  -  -    ','','  -  -    ','','','','','','1987','1990','1993','','2000',''),(220,'KHANIF LUTFI','','KENDAL','1983-03-05','l','',0,NULL,'','',NULL,'0000-00-00',0,'menikah','Nurlailatul Hikmah','Ngesrep, Jurang agung, ','Al Multazam','085218183554/085717733535','2015-11-23 06:44:14','2015-11-23 04:02:48','2015-11-23 06:44:14','','','','',NULL,'','','','','','','','','','','','','','','','','','','','','','','','','','','','','','',NULL,NULL,'','','','Ibu Rumah Tangga','','  -  -    ','','  -  -    ','','  -  -    ','','  -  -    ','','  -  -    ','','  -  -    ','','  -  -    ','','  -  -    ','','','','','','','','','','',''),(221,'Miskadi, SE','3208091811760004','Kuningan','1976-11-18','l','aktif',19,'IMG_1440.jpg','040016','fullday',NULL,'2004-07-01',0,'menikah','Dewi Resmanawati M.,S.Pd.I','Lingk. Manis RT 11/03 Kel. Purwawinangun Kuningan 45512','Lingk. Manis RT 11/03 Kel. Purwawinangun Kuningan 45512','085624208674',NULL,'2015-11-23 06:27:09','2015-11-23 06:28:12','','SDN Pakembangan','SMPN Garawangi','SMEAN Kuningan',NULL,'STIE Setiabudi Jakarta','Ekonomi','Akuntansi','Akuntansi','','','','','Lembaga Ilmu Akuntansi dan Keuangan','Akuntansi','NBA Business College Jakarta','Perbankan','','','PT. Purnawira Luhur Bhakti','Jakarta','Staff Administrasi','1994','1995','PT. Bank Umum Nasional, Tbk','Jakarta','Credit Commercial Staff','1995','1998','Ikatan Mahasiswa Setiabudi','Ketua','','','','',NULL,NULL,'','','','swasta','Firyal Izdihar Umran','26-02-2007','Emyr Faishal Umran','10-07-2015','','  -  -    ','','  -  -    ','','  -  -    ','','  -  -    ','','  -  -    ','','  -  -    ','','','','','','1988','1991','1994','','2003',''),(222,'Wiwi Widuri, S.Pd.','3208094512850008','Kuningan','1985-12-05','p','aktif',8,NULL,'090212','fullday',NULL,'2009-01-07',0,'menikah','Roni Sumirat, S.Pd.','Jln. Otista No. 222 Lingk. Lamepayung Rt/Rw 007/006 Kel. Kuningan Kec. Kuningan','Jln. Otista No. 222 Lingk. Lamepayung Rt/Rw 007/006 Kel. Kuningan Kec. Kuningan','085224271200',NULL,'2015-11-23 06:33:47','2015-11-23 06:38:56','','Sekolah Dasar Negeri 3 Cipedes','SMP Negeri 1 Garawangi','SMA Negeri 1 Garawangi',NULL,'Universitas Kuningan','Fakultas Keguruan dan Ilmu Pendidikan','PBSI','Pendidikan Bahasa dan Sastra Indonesia','','','','','','','','','','','','','','','','','','','','','','','','','','',NULL,NULL,'','','','Wiraswasta','Firas Haidan','10-11-2011','','  -  -    ','','  -  -    ','','  -  -    ','','  -  -    ','','  -  -    ','','  -  -    ','','  -  -    ','','','','','','1997','2000','2003','','2009',''),(223,'UMI NURHAMIMAH','321221511189003','Indramayu','1989-11-11','p','aktif',10,NULL,'','boarding',NULL,'2013-06-05',0,'belum','','Desa Karanganyar, Kec. Kandanghaur Kab. Indramayu','PPT. Al-Multazam','085724300627','2015-11-23 13:53:44','2015-11-23 10:40:34','2015-11-23 13:53:44','','SDN Bumi Agung ','SMP Muhammadiyah','',NULL,'IAIN Syekh Nurjati','','','','','','','','','','','','','','MD At-Tarbiyah','Cirebon','Pengajar','2009','2011','PAUD Lebah Kecil','Cirebon','Pengajar','2012','2013','LDK AL-Ukhuwah','Anggota','Kesatuan Aksi Mahasiswa Muslim Indonesia (KAMMI)','Staf Sosmas, Staf Kastrat Komisariat','','',NULL,NULL,'','','','','','  -  -    ','','  -  -    ','','  -  -    ','','  -  -    ','','  -  -    ','','  -  -    ','','  -  -    ','','  -  -    ','','','','','','2001','2004','2007','','2007',''),(224,'Ikah Atikah ','3208126310920004','Kuningan','1992-10-23','p','aktif',11,NULL,'','fullday',NULL,'2015-11-01',0,'belum','','RT01/RW01 Dusun.Wage Desa.Sadamantara No.28 Kec.jalaksana Kab.Kuningan','RT01/RW01 Dusun.Wage Desa.Sadamantara No.28 Kec.jalaksana Kab.Kuningan','087724011224','2015-11-23 12:28:04','2015-11-23 12:05:58','2015-11-23 12:28:04','','','','',NULL,'Universitas Kuningan','Fakultas Keguruan Ilmu Pendidikan','Ekonomi','Pendidikan Ekonomi','','','','','','','','','','','Gaharu Kuningan Centre','Puri Asri No.04','Administrasi','','','','','','','','Palang Merah Remaja ','Sekretaris','Pramuka','Seksi Humas','','',NULL,NULL,'Menguasai Program komputer (Ms.Word,Ms,Excel, Ms.Power poin )','','','','','  -  -    ','','  -  -    ','','  -  -    ','','  -  -    ','','  -  -    ','','  -  -    ','','  -  -    ','','  -  -    ','','','','','','2004','2007','2010','','2014',''),(225,'Ikah Atikah ','3208126310920004','Kuningan','1992-10-23','p','aktif',11,NULL,'','fullday',NULL,'2015-11-01',0,'belum','','RT01/RW01 Dusun.Wage Desa.Sadamantara No.28 Kec.jalaksana Kab.Kuningan','RT01/RW01 Dusun.Wage Desa.Sadamantara No.28 Kec.jalaksana Kab.Kuningan','087724011224','2015-11-23 12:07:01','2015-11-23 12:06:00','2015-11-23 12:07:01','','','','',NULL,'Universitas Kuningan','Fakultas Keguruan Ilmu Pendidikan','Ekonomi','Pendidikan Ekonomi','','','','','','','','','','','Gaharu Kuningan Centre','Puri Asri No.04','Administrasi','','','','','','','','Palang Merah Remaja ','Sekretaris','Pramuka','Seksi Humas','','',NULL,NULL,'Menguasai Program komputer (Ms.Word,Ms,Excel, Ms.Power poin )','','','','','  -  -    ','','  -  -    ','','  -  -    ','','  -  -    ','','  -  -    ','','  -  -    ','','  -  -    ','','  -  -    ','','','','','','2004','2007','2010','','2014',''),(226,'Ikah Atikah,S.Pd.','3208126310920004','Kuningan','1992-10-23','p','aktif',11,NULL,'','fullday',NULL,'2015-11-01',0,'belum','','RT01/RW01 Dusun.Wage No.28 Kec.Jalaksana 45554 Kab.Kuningan','RT01/RW01 Dusun.Wage No.28 Kec.Jalaksana 45554 Kab.Kuningan','087724011224','2015-11-23 12:51:50','2015-11-23 12:39:05','2015-11-23 12:51:50','','SD Negeri Sadamantra','MTs Negeri Jalaksana ','SMK Negeri 2 Kuningan',NULL,'Universitas Kuningan','Fakultas Keguruan Ilmu Pendidikan','IPS Ekonomi','Pendidikan Ekonomi','','','','','','','','','','','Gaharu Kuningan Centre','Puri Asri No.04 Kuningan','Administrasi','','','','','','','','Palang Merah Remaja','Sekretaris','Pramuka','Seksi Humas','','',NULL,NULL,'Menguasai Program Komputer (Ms.Word, Ms.Excel, Ms.Power Poin)','','','','','  -  -    ','','  -  -    ','','  -  -    ','','  -  -    ','','  -  -    ','','  -  -    ','','  -  -    ','','  -  -    ','','','','','','2004','2007','2010','','2014',''),(227,'Ikah Atikah, S.Pd.','3208126310920004','Kuningan','1992-10-23','p','aktif',11,NULL,'','fullday',NULL,'2015-11-01',0,'belum','','RT01/RW01 Dusun.Wage No.28 Kec.Jalaksana 45554 Kab.Kuningan.','RT01/RW01 Dusun.Wage No.28 Kec.Jalaksana 45554 Kab.Kuningan.','087724011224',NULL,'2015-11-23 13:01:11','2015-11-23 13:01:11','','SD Negeri Sadamantra ','MTs Negeri Jalaksana ','SMK Neger 2 Kuningan ',NULL,'Universitas Kuningan','Fakultas Keguruan Ilmu Pendidikan','IPS Ekonomi','Pendidikan Ekonomi','','','','','','','','','','','Gaharu Kuningan Centre','Puri Asri No.04 Kuningan','Administrasi','','','','','','','','Palang Merah Remaja ','Sekretaris ','Pramuka','Seksi Humas','','',NULL,NULL,'Menguasai Program Komputer (Ms.Word, Ms.Excel, Ms.Power Poin)','','','','','  -  -    ','','  -  -    ','','  -  -    ','','  -  -    ','','  -  -    ','','  -  -    ','','  -  -    ','','  -  -    ','','','','','','2004','2007','2010','','2014',''),(228,'UMI NURHAMIMAH','3212215111890003','Indramayu','1989-11-11','p','',10,NULL,'','boarding',NULL,'2013-06-05',0,'belum','','Desa Karanganyar, Kec. Kandanghaur, Kab. Indramayu','Ponpes Al-Multazam','085724300627','2015-11-23 14:15:36','2015-11-23 14:09:00','2015-11-23 14:15:36','','SDN Bumi Agung','SMP Muhammadiyah','MAN Ciwaringin',NULL,'IAIN Syekh Nurjati','','','','','','','','','','','','','','TPA Al-Tarbiyah','Cirebon','Pengajar','2009','2011','PAUD Lebah Kecil','Cirebon','Pengajar','2012','2013','LDK Al-Ukhuwah','Anggota','Kesatuan Aksi Mahasiswa Muslim Indonesia (KAMMI)','Staf Departemen Sosial masyarakat, Staf Departemen Kastrat Komisariat IAIN Syekh Nurjati','','',NULL,NULL,'','','','','','  -  -    ','','  -  -    ','','  -  -    ','','  -  -    ','','  -  -    ','','  -  -    ','','  -  -    ','','  -  -    ','','','','','','2001','2004','2007','','',''),(229,'UMI NURHAMIMAH','3212215111890003','Indramayu','1989-11-11','p','',10,NULL,'','boarding',NULL,'2013-06-05',0,'belum','','Desa Karanganyar, Kec. Kandanghaur, Kab. Indramayu','Ponpes Al-Multazam','085724300627','2015-11-23 14:16:38','2015-11-23 14:09:01','2015-11-23 14:16:38','','SDN Bumi Agung','SMP Muhammadiyah','MAN Ciwaringin',NULL,'IAIN Syekh Nurjati','','','','','','','','','','','','','','TPA Al-Tarbiyah','Cirebon','Pengajar','2009','2011','PAUD Lebah Kecil','Cirebon','Pengajar','2012','2013','LDK Al-Ukhuwah','Anggota','Kesatuan Aksi Mahasiswa Muslim Indonesia (KAMMI)','Staf Departemen Sosial masyarakat, Staf Departemen Kastrat Komisariat IAIN Syekh Nurjati','','',NULL,NULL,'','','','','','  -  -    ','','  -  -    ','','  -  -    ','','  -  -    ','','  -  -    ','','  -  -    ','','  -  -    ','','  -  -    ','','','','','','2001','2004','2007','','',''),(230,'UMI NURHAMIMAH','3212215111890003','Indramayu','1989-11-11','p','',10,NULL,'','boarding',NULL,'2013-06-05',0,'belum','','Desa Karanganyar, Kec. Kandanghaur, Kab. Indramayu','Ponpes Al-Multazam','085724300627',NULL,'2015-11-23 14:09:02','2015-11-23 14:09:02','','SDN Bumi Agung','SMP Muhammadiyah','MAN Ciwaringin',NULL,'IAIN Syekh Nurjati','','','','','','','','','','','','','','TPA Al-Tarbiyah','Cirebon','Pengajar','2009','2011','PAUD Lebah Kecil','Cirebon','Pengajar','2012','2013','LDK Al-Ukhuwah','Anggota','Kesatuan Aksi Mahasiswa Muslim Indonesia (KAMMI)','Staf Departemen Sosial masyarakat, Staf Departemen Kastrat Komisariat IAIN Syekh Nurjati','','',NULL,NULL,'','','','','','  -  -    ','','  -  -    ','','  -  -    ','','  -  -    ','','  -  -    ','','  -  -    ','','  -  -    ','','  -  -    ','','','','','','2001','2004','2007','','','');
/*!40000 ALTER TABLE `stakeholders` ENABLE KEYS */;
UNLOCK TABLES;

--
-- Table structure for table `student_ekskul`
--

DROP TABLE IF EXISTS `student_ekskul`;
/*!40101 SET @saved_cs_client     = @@character_set_client */;
/*!40101 SET character_set_client = utf8 */;
CREATE TABLE `student_ekskul` (
  `id` int(10) unsigned NOT NULL AUTO_INCREMENT,
  `student_id` int(10) unsigned NOT NULL,
  `ekskul_id` int(10) unsigned NOT NULL,
  `date` date NOT NULL,
  `score` double NOT NULL,
  `semester` enum('1','2') COLLATE utf8_unicode_ci NOT NULL,
  `year` varchar(255) COLLATE utf8_unicode_ci NOT NULL,
  `created_at` timestamp NOT NULL DEFAULT '0000-00-00 00:00:00',
  `updated_at` timestamp NOT NULL DEFAULT '0000-00-00 00:00:00',
  `attendance` enum('hadir','sakit','izin','alpa') COLLATE utf8_unicode_ci NOT NULL,
  PRIMARY KEY (`id`)
) ENGINE=MyISAM AUTO_INCREMENT=3 DEFAULT CHARSET=utf8 COLLATE=utf8_unicode_ci;
/*!40101 SET character_set_client = @saved_cs_client */;

--
-- Dumping data for table `student_ekskul`
--

LOCK TABLES `student_ekskul` WRITE;
/*!40000 ALTER TABLE `student_ekskul` DISABLE KEYS */;
INSERT INTO `student_ekskul` VALUES (1,4,17,'2015-11-04',78,'1','2015/2016','2015-11-04 05:30:50','2015-11-04 05:30:50','hadir'),(2,26,17,'2015-11-04',88,'1','2015/2016','2015-11-04 05:30:50','2015-11-04 05:30:50','hadir');
/*!40000 ALTER TABLE `student_ekskul` ENABLE KEYS */;
UNLOCK TABLES;

--
-- Table structure for table `students`
--

DROP TABLE IF EXISTS `students`;
/*!40101 SET @saved_cs_client     = @@character_set_client */;
/*!40101 SET character_set_client = utf8 */;
CREATE TABLE `students` (
  `id` int(10) unsigned NOT NULL AUTO_INCREMENT,
  `nis` varchar(255) COLLATE utf8_unicode_ci NOT NULL,
  `nama` varchar(255) COLLATE utf8_unicode_ci NOT NULL,
  `nisn` varchar(255) COLLATE utf8_unicode_ci NOT NULL,
  `jenis_kelamin` varchar(255) COLLATE utf8_unicode_ci NOT NULL,
  `tempat_lahir` varchar(255) COLLATE utf8_unicode_ci NOT NULL,
  `tanggal_lahir` date NOT NULL,
  `nik` varchar(255) COLLATE utf8_unicode_ci NOT NULL,
  `alamat` text COLLATE utf8_unicode_ci NOT NULL,
  `jenis_tinggal` varchar(255) COLLATE utf8_unicode_ci NOT NULL,
  `telepon` varchar(255) COLLATE utf8_unicode_ci DEFAULT NULL,
  `handphone` varchar(255) COLLATE utf8_unicode_ci DEFAULT NULL,
  `email` varchar(255) COLLATE utf8_unicode_ci DEFAULT NULL,
  `ibu` varchar(255) COLLATE utf8_unicode_ci NOT NULL,
  `tahun_lahir_ibu` varchar(255) COLLATE utf8_unicode_ci NOT NULL,
  `jenjang_pendidikan_ibu` varchar(255) COLLATE utf8_unicode_ci NOT NULL,
  `pekerjaan_ibu` varchar(255) COLLATE utf8_unicode_ci NOT NULL,
  `skhun_ibu` varchar(255) COLLATE utf8_unicode_ci NOT NULL,
  `kps_ibu` enum('ya','tidak') COLLATE utf8_unicode_ci NOT NULL,
  `ayah` varchar(255) COLLATE utf8_unicode_ci NOT NULL,
  `tahun_lahir_ayah` varchar(255) COLLATE utf8_unicode_ci NOT NULL,
  `jenjang_pendidikan_ayah` varchar(255) COLLATE utf8_unicode_ci NOT NULL,
  `pekerjaan_ayah` varchar(255) COLLATE utf8_unicode_ci NOT NULL,
  `penghasilan_ayah` varchar(255) COLLATE utf8_unicode_ci NOT NULL,
  `wali` varchar(255) COLLATE utf8_unicode_ci DEFAULT NULL,
  `tahun_lahir_wali` varchar(255) COLLATE utf8_unicode_ci DEFAULT NULL,
  `jenjang_pendidikan_wali` varchar(255) COLLATE utf8_unicode_ci DEFAULT NULL,
  `pekerjaan_wali` varchar(255) COLLATE utf8_unicode_ci DEFAULT NULL,
  `penghasilan_wali` varchar(255) COLLATE utf8_unicode_ci DEFAULT NULL,
  `deleted_at` timestamp NULL DEFAULT NULL,
  `created_at` timestamp NOT NULL DEFAULT '0000-00-00 00:00:00',
  `updated_at` timestamp NOT NULL DEFAULT '0000-00-00 00:00:00',
  PRIMARY KEY (`id`)
) ENGINE=MyISAM AUTO_INCREMENT=99 DEFAULT CHARSET=utf8 COLLATE=utf8_unicode_ci;
/*!40101 SET character_set_client = @saved_cs_client */;

--
-- Dumping data for table `students`
--

LOCK TABLES `students` WRITE;
/*!40000 ALTER TABLE `students` DISABLE KEYS */;
INSERT INTO `students` VALUES (74,'3','ann','452','g','454','2015-11-18','45','SD','G','46','5','dfh','dyr','64684','fdr','d','d','tidak','d','452','d','d','d','d','452','d','d','d','2015-11-18 06:21:43','2015-11-18 05:33:45','2015-11-18 06:21:43'),(75,'151607001','ABDULAZIIZ ADZ DZAMIR','0032811382','laki-laki','MAJALENGKA','2003-03-09','-','Perum Mutiara Bekasi Jaya Blok L-3 No. 25 RT. 006 RW. 009 Desa Sindangmulya Kec. Cibarusah, Bekasi','','','','','','','','','','ya','','','','','','','','','','',NULL,'2015-11-21 01:06:39','2015-11-21 01:06:39'),(76,'151607001','ABDULAZIIZ ADZ DZAMIR','0032811382','laki-laki','MAJALENGKA','2003-03-09','-','Perum Mutiara Bekasi Jaya Blok L-3 No. 25 RT. 006 RW. 009 Desa Sindangmulya Kec. Cibarusah, Bekasi','-','-','085216335755','-','WATI PURWATI','1976','DIII','IRT','','ya','BASUKI RAKHMAT','1977','S1','KARYAWAN SWASTA','','-','','-','-','',NULL,'2015-11-21 01:13:06','2015-11-23 00:28:02'),(77,'151607004','ADIENIH MUSTHOFA AFIN','0038814295','laki-laki','PEMALANG','2003-07-15','-','Griya PEPABRI Blok F-8 RT. 032 RW. 009 Desa Terusan Kec. Sindang, Indramayu','-','-','081313001935','-','EKA KURNIA RAHAYU, S.Pd.','1971','S1','PNS','','ya','TISNO WIHARDI','1966','S1','PNS','-','-','','-','-','',NULL,'2015-11-21 01:19:55','2015-11-21 01:19:55'),(78,'151607007','AFIF REYHAN RAMADHANNI','','laki-laki','','0000-00-00','-','','-','-','081254448232','-','IRMA IRAWAN','','-','-','','ya','-','','-','-','','-','','-','-','',NULL,'2015-11-21 01:25:43','2015-11-21 01:25:43'),(79,'151607010','AHMAD FAIZUDDIN','0049083993','laki-laki','BEKASI','2004-03-02','-','Dusun Puhun RT. 010 RW. 003 Desa Cigedang Kec. Luragung Kab. Kuningan, Jawa Barat','-','-','087723904343','-','ITA PUSPITASARI','1975','S1','WIRASWASTA','-','ya','-','','-','-','','-','-','-','-','',NULL,'2015-11-21 01:38:53','2015-11-21 01:38:53'),(80,'151607016','AKHMAD BUKHORI','0025123086','laki-laki','INDRAMAYU','2002-12-31','-','Blok Kartiyah RT. 004 RW. 002 Desa Sendang Kec. Karangampel, Indramayu','-','-','081324531978','-','SUCIYATI','1978','SLTP','IRT','','ya','ALI SODIKIN','1973','SLTA','WIRASWASTA','-','-','','-','-','',NULL,'2015-11-21 01:45:30','2015-11-21 01:45:30'),(81,'151607018','AKMAL ANBIYA LUGHAWI','0031258801','laki-laki','BOGOR','2003-02-09','-','Jl. Layungsari Gg. Kenanga 3 RT. 004 RW. 019 Kel. Empang Kec. Kota Bogor Selatan, Bogor','-','-','08111181100','-','ATI SUGIARTI','1971','DIII','IRT','','ya','TATANG SUKMANA','1966','S1','KARYAWAN SWASTA','-','-','','-','-','',NULL,'2015-11-21 02:11:29','2015-11-21 02:11:29'),(82,'151607019','AKMAL HABIBIE KHAIRULLAH','0033754987','laki-laki','KARAWANG','2003-03-18','-','Bumi Telukjambe Blok W/123 RT. 02 RW. 12 Desa Sukaharja Kec. Telukjambe Timur, Karawang','-','-','085624080673/ 08562236652','-','MARTINI','1973','SLTA','IRT','','ya','BUDI SANTOSA','1971','S1','PNS','','-','','-','-','',NULL,'2015-11-21 02:24:30','2015-11-21 02:24:30'),(83,'151607028','ANDRE MAULANA','0024284585','laki-laki','INDRAMAYU','2002-10-19','-','Blok C RT. 019 RW. 005 Desa Rambatan Wetan Kec. Sindang, Indramayu','-','-','081324562436','-','','','','','','ya','H. ABDUL HALIM','1980','','','','','','','','',NULL,'2015-11-21 02:30:18','2015-11-21 02:30:18'),(84,'151607028','ANDRE MAULANA','0024284585','laki-laki','INDRAMAYU','2002-10-19','-','Blok C RT. 019 RW. 005 Desa Rambatan Wetan Kec. Sindang, Indramayu','-','-','081324562436','-','Hj. PATERIH','1979','SLTP','IRT','','ya','H. ABDUL HALIM','1980','SLTP','WIRASWASTA','','-','','-','-','',NULL,'2015-11-21 02:31:15','2015-11-21 02:31:15'),(85,'151607032','APRIANSYAH','0033272760','laki-laki','MAJALENGKA','2003-04-22','-','Jl. Tanjungpura RT. 009 RW. 002 Desa Kepandean Kec. Indramayu, Indramayu','-','-','087727501343','-','YIN YIN','1976','SLTP','IRT','','ya','YANTO','1970','SLTP','WIRASWASTA','','-','','-','-','',NULL,'2015-11-21 02:37:23','2015-11-21 02:37:23'),(86,'151607034','ARDHIAN RIZKY AYATOLLAH NUR ISMAIL','0029320539','laki-laki','Cirebon','2002-10-12','-','Jl. Garuda Blok Jamang ET.16 RW.04 DesaKarangampel Kidul Kec. Karangampel, Indramayu','-','-','085864350307','-','Itun Syahhrotun','1979','SD','PEDAGANG','','ya','Ismaiel Ridwan','1973','SLTA','PEDAGANG','','-','','-','-','',NULL,'2015-11-21 02:42:24','2015-11-21 02:42:24'),(87,'151607036','ARIL M. FAHRIL','0030391811','laki-laki','CIAMIS','2003-06-13','-','Jl. H. DIMAN No 64-A Rt 006 Rw 004 Desa Jatibening Baru Kec. Pondokgede Kab. Bekasi','-','-','081310893699','-','Hj. NENI AGUSTRIANI','1968','SLTA','IRT','','tidak','Olih Solihudin','1969','SD','WIRASWASTA','','-','','-','-','',NULL,'2015-11-21 02:50:28','2015-11-21 03:05:10'),(88,'151607049','DEDE HIDAYAT','0027234064','laki-laki','CIREBON','2002-12-07','-','Perum Telaga Murni Blok B-1 No. 8 RT.005 RW.004 Telaga Murni Murni Cikarang Barat','-','-','085213860543','-','ERMI ROSMALATI','1973','SLTA','IRT','','ya','DJOKO ARIYANTO','1977','SLTA','KARYAWAN SWASTA','','-','','-','-','',NULL,'2015-11-21 03:11:53','2015-11-21 03:11:53'),(89,'151607060','ENO HARTONO','0028823225','laki-laki','INDRAMAYU','2002-10-09','-','Jl. Habib Keling RT.005 RW.002 Pringgacala Kec. Karangampel, Indramayu','-','-','081947393009','-','JUBAEDAH','1974','S1','PNS','','ya','AGUS SUPRIADI','1967','S1','PNS','','-','','-','-','',NULL,'2015-11-21 03:15:49','2015-11-21 03:15:49'),(90,'151607075','FATIH AMAL MUMTAZ','0033755033','laki-laki','TEGAL','2003-11-24','-','Perum karaba indah Blok AH-03,Rt/Rw 02/010, wadas,teluk jambe timur,karawang,jawabarat','-','-','085213250237/ 081318227186','-','SRI RAHAYU','1977','SLTA','IRT','','ya','AMALUDIN','1974','SLTA','PEGAWAI SWASTA','','-','','-','-','',NULL,'2015-11-21 03:24:23','2015-11-21 03:24:23'),(91,'151607088','HASBY KURNIA','0035628457','laki-laki','INDRAMAYU','2003-05-29','-','BTN PEPABRI Blok B No. 02 RT.30 RW.09 Kelurahan Terusan Kec. Sindang, Indramayu','-','-','0811244183','-','JUNAENI RIANA H.','1971','DIPLOMA','KARYAWAN SWASTA','','ya','KHAERUDIN','1970','S1','KARYAWAN SWASTA','','-','','-','-','',NULL,'2015-11-21 03:32:40','2015-11-21 03:32:40'),(92,'151607089','HILMI ASHSHIDQI','0036855599','laki-laki','TEGAL','2002-12-10','-','DK.Kauman Rt 001/ Rw 002 Desa Lebaksiu Lor Kec.Libaksiu Kab.tegal','-','-','087723361601','-','ADE IRMA WAHYU HIDAYATI','1976','SLTA','IRT','','ya','HARIS FADILAH','1975','DIPLOMA III','PEDAGANG','','-','','-','-','',NULL,'2015-11-21 03:54:06','2015-11-21 03:54:06'),(93,'151607090','IBNU HALIM ANUGRAH PRATAMA','0039579167','laki-laki','INDRAMAYU','2003-07-26','-','Blok.C Rt 020/ Rw 006 Desa Rambatan Wetan Kec.Sindang Kab.Indramayu','-','-','087828666608','-','SUHAERTI','1981','SLTA','WIRASWASTA','','ya','MUKDAS','1977','SLTA','WIRASWASTA','','-','','-','-','',NULL,'2015-11-21 03:58:07','2015-11-21 03:58:07'),(94,'151607096','JIHAN FRISKI ARDIANTO','0031133991','laki-laki','BEKASI','2003-05-08','-','Perum Terangsari M3/32 RT.012 RW.007 Desa Cibalongsari Kec. Klari, Karawang','-','-','081311086203/ 085285710725','-','SUSIATI','1981','SLTA','KARYAWAN SWASTA','','tidak','PARNO','1980','SLTA','KARYAWAN SWASTA','','-','','-','-','',NULL,'2015-11-21 04:01:54','2015-11-21 04:03:07'),(95,'151607099','KHOERUL FAHMI','0033976691','laki-laki','KARAWANG','2003-02-01','-','Dusun Kostim RT.002 RW.003 Desa Sukatani Kec. Cilamaya, Karawang','-','-','085780226222','-','NURAENI','1969','SLTA','IRT','','ya','DUDIN FAHRUDIN','1966','S1','WIRASWASTA','','-','','-','-','',NULL,'2015-11-21 04:13:18','2015-11-21 04:13:18'),(96,'151607100','M. AD\'LU HIKAM SULAEMAN','0032075040','laki-laki','INDRAMAYU','2003-04-29','-','Blok Tumaritis No. 4 Rt 03 Rw 01 Desa Benda Kec. Karangampel Kab. Indramayu','-','-','085220002801','-','SRI REJEKI, S.Si','1969','S1','IRT','','ya','Memen Sulaeman','1963','S1','PNS','','-','','-','-','',NULL,'2015-11-21 04:21:14','2015-11-21 04:21:14'),(97,'Cahp;as','sdafasdf','asfa','laki-laki','asf','2015-10-27','asf','asdf','asd','asdf','asf','asfd','asd','asd','asd','sad','','ya','asd','asd','asd','asd','','asd','','asd','asd','','2015-11-21 05:57:10','2015-11-21 05:56:13','2015-11-21 05:57:10'),(98,'23424','aku','4422','laki-laki','fsfas','2015-11-18','422','vdvs','efw','2452','2342','','','','','','','ya','','','','','','','','','','',NULL,'2015-11-23 00:29:15','2015-11-23 00:29:15'),(72,'98697','tono','56858','laki-laki','jjtk','1989-10-21','75648','jgkjffhkf','jgkhfhk','8453','6467','jktyrj','kjfhjf','7586','jfjh','hfjg','6476','ya','gkfkh','7846748','kgnfgdghj','jkghjkfk','hfj','jgkhf','fjh','s1','hfjhf','6574','2015-11-05 00:06:42','2015-11-04 06:09:16','2015-11-05 00:06:42'),(73,'2002156','Chas','002154685','laki-laki','Kuningan','1989-05-23','asd5','sdagfgA','DDDF','0258665454','5465465251','EEEDD','EDD','','EDDD','DDDD','','tidak','EEE','EDED','EDDE','D','','WED','','DW','EDD','','2015-11-21 01:13:22','2015-11-05 03:32:08','2015-11-21 01:13:22');
/*!40000 ALTER TABLE `students` ENABLE KEYS */;
UNLOCK TABLES;

--
-- Table structure for table `subjects`
--

DROP TABLE IF EXISTS `subjects`;
/*!40101 SET @saved_cs_client     = @@character_set_client */;
/*!40101 SET character_set_client = utf8 */;
CREATE TABLE `subjects` (
  `id` int(10) unsigned NOT NULL AUTO_INCREMENT,
  `code` varchar(255) COLLATE utf8_unicode_ci NOT NULL,
  `subject` varchar(255) COLLATE utf8_unicode_ci NOT NULL,
  `grade` tinyint(4) NOT NULL,
  `created_at` timestamp NOT NULL DEFAULT '0000-00-00 00:00:00',
  `updated_at` timestamp NOT NULL DEFAULT '0000-00-00 00:00:00',
  PRIMARY KEY (`id`)
) ENGINE=MyISAM AUTO_INCREMENT=5 DEFAULT CHARSET=utf8 COLLATE=utf8_unicode_ci;
/*!40101 SET character_set_client = @saved_cs_client */;

--
-- Dumping data for table `subjects`
--

LOCK TABLES `subjects` WRITE;
/*!40000 ALTER TABLE `subjects` DISABLE KEYS */;
INSERT INTO `subjects` VALUES (4,'m23','matematika',7,'2015-11-04 06:12:16','2015-11-04 06:12:16');
/*!40000 ALTER TABLE `subjects` ENABLE KEYS */;
UNLOCK TABLES;

--
-- Table structure for table `users`
--

DROP TABLE IF EXISTS `users`;
/*!40101 SET @saved_cs_client     = @@character_set_client */;
/*!40101 SET character_set_client = utf8 */;
CREATE TABLE `users` (
  `id` int(10) unsigned NOT NULL AUTO_INCREMENT,
  `name` varchar(255) COLLATE utf8_unicode_ci NOT NULL,
  `email` varchar(255) COLLATE utf8_unicode_ci NOT NULL,
  `password` varchar(60) COLLATE utf8_unicode_ci NOT NULL,
  `remember_token` varchar(100) COLLATE utf8_unicode_ci DEFAULT NULL,
  `created_at` timestamp NOT NULL DEFAULT '0000-00-00 00:00:00',
  `updated_at` timestamp NOT NULL DEFAULT '0000-00-00 00:00:00',
  `username` varchar(255) COLLATE utf8_unicode_ci NOT NULL,
  PRIMARY KEY (`id`),
  UNIQUE KEY `users_email_unique` (`email`),
  UNIQUE KEY `users_username_unique` (`username`)
) ENGINE=MyISAM AUTO_INCREMENT=8 DEFAULT CHARSET=utf8 COLLATE=utf8_unicode_ci;
/*!40101 SET character_set_client = @saved_cs_client */;

--
-- Dumping data for table `users`
--

LOCK TABLES `users` WRITE;
/*!40000 ALTER TABLE `users` DISABLE KEYS */;
INSERT INTO `users` VALUES (1,'Root','root@root.com','$2y$10$7ai6cFYyJaJUq6LmKXcZ0.4eCJU5ZEVbFkJThLKCUhr0QSBjS93Ge','f5aJpHxKlm8yZkUQolwHH3AnYkUsDCC3zIJDFnY4XWiEqQXY3eKqgvGcwsgG','2015-10-09 23:12:08','2015-10-15 04:19:07','root'),(2,'admin','admin@user.com','$2y$10$JO4I5ZA0TvnKVjLPkFOxHu/KgO7VnUcRFZke4vUi4NQ9Sd.nKVTZ.','PYz6YK5uyVDOsnDdp3FyA8a2cY0QZq57mjyL3DAr1VcP4pw7K9aOrIrTOzu3','2015-10-09 23:16:57','2015-11-23 00:32:07','admin'),(3,'pembina','pembina@user.com','$2y$10$Z3q9kGb5Yp7.IWh.t3hnOO0U0STAq0DLDR3ok28yCar7lT3nVrsvq','mRG3ojaGsBGHNNi41yt4w9vB3y0SWSaCq5LHK7HzGpaOApyP9eCLzXn6iy0Q','2015-10-09 23:17:16','2015-11-04 05:38:35','pembina'),(4,'hrd','hrd@user.com','$2y$10$.8ThFDM1scFGqluG6FcqPeV7zPIPx2KAOPmtqXWvk7DA7F3RXnZi6','za1QKai77RXZZJRS0R8UpTvocqlev8pc111Lc3dOO8wxE7xf90ZuLxKyeFRi','2015-10-09 23:17:29','2015-11-23 00:26:48','hrd'),(5,'alquran','alquran@user.com','$2y$10$Yxbf4bh2a8O11CBinNLiaO1AwaZJwxAyw.RMAJg2rE142nTymd6sS',NULL,'2015-10-14 17:54:05','2015-10-14 17:54:05',''),(6,'q','q@user.com','$2y$10$uurgAeeZLPgmMOHIoie3geEIEhvjnEZDBRQnHHP.k1KVjM.1TuB7a','TWRxfwatN7TDoThAsJZKUvaW2G16CRcqctjvK4bXxgb3H46NaXlNJC9J1pcz','2015-11-04 01:43:19','2015-11-18 06:20:54','alquran'),(7,'hrdam','hrdam@user.com','$2y$10$52otHvlAqDWLfUfkgfJRpeqs.OJ2X/SSrsrI/RA8Q/9pJXxpo.vyi','TPp17VT8m1VZozocbRsYJ6RKbiVI3hcKQB6MUhWSwsBv5FmOGGUQM5iO3nrt','2015-11-19 01:15:23','2015-11-23 07:12:12','hrdam');
/*!40000 ALTER TABLE `users` ENABLE KEYS */;
UNLOCK TABLES;

--
-- Table structure for table `vacations`
--

DROP TABLE IF EXISTS `vacations`;
/*!40101 SET @saved_cs_client     = @@character_set_client */;
/*!40101 SET character_set_client = utf8 */;
CREATE TABLE `vacations` (
  `id` int(10) unsigned NOT NULL AUTO_INCREMENT,
  `stakeholder_id` int(10) unsigned NOT NULL,
  `info` varchar(255) COLLATE utf8_unicode_ci NOT NULL,
  `start` date NOT NULL,
  `end` date NOT NULL,
  `year` varchar(255) COLLATE utf8_unicode_ci NOT NULL,
  `created_at` timestamp NOT NULL DEFAULT '0000-00-00 00:00:00',
  `updated_at` timestamp NOT NULL DEFAULT '0000-00-00 00:00:00',
  PRIMARY KEY (`id`)
) ENGINE=MyISAM AUTO_INCREMENT=4 DEFAULT CHARSET=utf8 COLLATE=utf8_unicode_ci;
/*!40101 SET character_set_client = @saved_cs_client */;

--
-- Dumping data for table `vacations`
--

LOCK TABLES `vacations` WRITE;
/*!40000 ALTER TABLE `vacations` DISABLE KEYS */;
INSERT INTO `vacations` VALUES (1,0,'','2015-10-01','2015-10-10','2015/2016','2015-10-16 09:12:03','2015-10-16 09:12:03'),(3,24,'Cuti Menikah','2015-11-01','2015-11-10','2015/2016','2015-11-18 02:38:42','2015-11-18 02:38:42');
/*!40000 ALTER TABLE `vacations` ENABLE KEYS */;
UNLOCK TABLES;

--
-- Table structure for table `violations`
--

DROP TABLE IF EXISTS `violations`;
/*!40101 SET @saved_cs_client     = @@character_set_client */;
/*!40101 SET character_set_client = utf8 */;
CREATE TABLE `violations` (
  `id` int(10) unsigned NOT NULL AUTO_INCREMENT,
  `student_id` int(10) unsigned NOT NULL,
  `violation` text COLLATE utf8_unicode_ci NOT NULL,
  `point` tinyint(4) NOT NULL,
  `date` date NOT NULL,
  `created_at` timestamp NOT NULL DEFAULT '0000-00-00 00:00:00',
  `updated_at` timestamp NOT NULL DEFAULT '0000-00-00 00:00:00',
  PRIMARY KEY (`id`)
) ENGINE=MyISAM AUTO_INCREMENT=2 DEFAULT CHARSET=utf8 COLLATE=utf8_unicode_ci;
/*!40101 SET character_set_client = @saved_cs_client */;

--
-- Dumping data for table `violations`
--

LOCK TABLES `violations` WRITE;
/*!40000 ALTER TABLE `violations` DISABLE KEYS */;
/*!40000 ALTER TABLE `violations` ENABLE KEYS */;
UNLOCK TABLES;
/*!40103 SET TIME_ZONE=@OLD_TIME_ZONE */;

/*!40101 SET SQL_MODE=@OLD_SQL_MODE */;
/*!40014 SET FOREIGN_KEY_CHECKS=@OLD_FOREIGN_KEY_CHECKS */;
/*!40014 SET UNIQUE_CHECKS=@OLD_UNIQUE_CHECKS */;
/*!40101 SET CHARACTER_SET_CLIENT=@OLD_CHARACTER_SET_CLIENT */;
/*!40101 SET CHARACTER_SET_RESULTS=@OLD_CHARACTER_SET_RESULTS */;
/*!40101 SET COLLATION_CONNECTION=@OLD_COLLATION_CONNECTION */;
/*!40111 SET SQL_NOTES=@OLD_SQL_NOTES */;

-- Dump completed on 2015-11-25  8:45:43
